k,k_domain,q_line,q_speed,dataset
0.07024793388429752,0.1,0.10330578512396695,0.09797804396313622,"colony 800, 10 mm bridge"
0.148,0.3052,0.2,0.2482247589870806,"colony 800, 10 mm bridge"
0.14979757085020243,0.20566801619433198,0.10121457489878542,0.15759118119395174,"colony 800, 10 mm bridge"
0.076,0.266,0.1,0.1909025674262998,"colony 800, 10 mm bridge"
0.512,0.4968,0.4,0.3414827957696538,"colony 800, 10 mm bridge"
0.228,0.2576,0.2,0.24298676841896497,"colony 800, 10 mm bridge"
0.0,0.15502008032128514,0.0,0.07778145354241228,"colony 800, 10 mm bridge"
0.24,0.37879999999999997,0.2,0.2703956120123626,"colony 800, 10 mm bridge"
0.3588709677419355,0.2721774193548387,0.20161290322580647,0.22570182106069797,"colony 800, 10 mm bridge"
0.0,0.191588785046729,0.0,0.07452573764589118,"colony 800, 10 mm bridge"
0.264,0.348,0.3,0.26051887646090055,"colony 800, 10 mm bridge"
0.08196721311475409,0.20450819672131146,0.10245901639344263,0.17139562143733966,"colony 800, 10 mm bridge"
0.096,0.1036,0.1,0.10242365228372821,"colony 800, 10 mm bridge"
0.096,0.1812,0.1,0.12929882613715915,"colony 800, 10 mm bridge"
0.26,0.3708,0.3,0.2778800046852362,"colony 800, 10 mm bridge"
0.304,0.2772,0.2,0.2214311603550757,"colony 800, 10 mm bridge"
1.86,1.044,1.2,0.837732954665651,"colony 800, 10 mm bridge"
1.08,1.0932,1.1,1.0998392401073036,"colony 800, 10 mm bridge"
0.536,0.5115999999999999,0.7,0.6452037577681342,"colony 800, 10 mm bridge"
0.816,0.9396000000000001,0.9,1.1653763328322908,"colony 800, 10 mm bridge"
0.628,0.6292,0.9,0.8080777498331954,"colony 800, 10 mm bridge"
0.224,0.2832,0.4,0.4513352173649992,"colony 800, 10 mm bridge"
0.632,0.4816,0.9,0.7971700826455839,"colony 800, 10 mm bridge"
0.608,0.6003999999999999,1.0,0.9686091297698652,"colony 800, 10 mm bridge"
0.364,0.4364,0.7,0.8073303678218163,"colony 800, 10 mm bridge"
0.47844827586206895,0.33275862068965517,0.5387931034482759,0.5132928018158179,"colony 800, 10 mm bridge"
0.36,0.4692,0.6,0.6658088365408662,"colony 800, 10 mm bridge"
0.476,0.48319999999999996,0.7,0.7721210875048158,"colony 800, 10 mm bridge"
0.528,0.546,1.2,1.100266733672238,"colony 800, 10 mm bridge"
0.548,0.6644,1.0,1.014201629051648,"colony 800, 10 mm bridge"
0.428,0.4772,0.7,0.7657289737840617,"colony 800, 10 mm bridge"
0.704,0.6384000000000001,1.1,1.1597916096946017,"colony 800, 10 mm bridge"
1.22,0.9640000000000001,1.6,1.4640924083775324,"colony 800, 10 mm bridge"
0.88,1.082,1.6,1.695364800216017,"colony 800, 10 mm bridge"
0.572,0.6376000000000001,1.1,1.0177234795718413,"colony 800, 10 mm bridge"
0.676,0.8768,1.1,1.2395669155863245,"colony 800, 10 mm bridge"
0.852,0.8928,1.6,1.5314102831749385,"colony 800, 10 mm bridge"
0.724,0.9512,1.4,1.5954013813174521,"colony 800, 10 mm bridge"
0.776,0.8012,1.6,1.355932604285369,"colony 800, 10 mm bridge"
0.68,0.8008,1.5,1.5653670966984974,"colony 800, 10 mm bridge"
0.516,0.6172,1.0,1.0076243010798889,"colony 800, 10 mm bridge"
0.548,0.6756,1.0,1.0981542072313963,"colony 800, 10 mm bridge"
0.932,0.9132,1.5,1.4819920063204857,"colony 800, 10 mm bridge"
0.536,0.5924,1.1,1.07401203826665,"colony 800, 10 mm bridge"
0.56,0.714,1.1,1.2049572617729547,"colony 800, 10 mm bridge"
0.976,0.9176,1.4,1.4088212634098662,"colony 800, 10 mm bridge"
0.976,0.9019999999999999,1.3,1.393643593132609,"colony 800, 10 mm bridge"
0.357429718875502,0.3899598393574297,0.7028112449799196,0.7346703059775819,"colony 800, 10 mm bridge"
0.464,0.716,0.7,1.0390149410738063,"colony 800, 10 mm bridge"
1.216,1.0476,1.9,1.7375237821302094,"colony 800, 10 mm bridge"
0.98,0.944,1.4,1.353145388112884,"colony 800, 10 mm bridge"
1.028,0.8916000000000001,1.3,1.328918041766404,"colony 800, 10 mm bridge"
0.66,0.8396000000000001,1.2,1.3292925517219822,"colony 800, 10 mm bridge"
0.46,0.49640000000000006,1.0,0.9041505176495173,"colony 800, 10 mm bridge"
0.432,0.7288,0.9,1.1116245162863505,"colony 800, 10 mm bridge"
1.784,1.3676,1.8,1.8211597158652386,"colony 800, 10 mm bridge"
0.604,0.8804000000000001,1.2,1.4132416188980506,"colony 800, 10 mm bridge"
0.868,0.7736,1.3,1.2691716515567981,"colony 800, 10 mm bridge"
0.5155555555555555,0.4746666666666667,0.6666666666666666,0.8327697413437947,"colony 800, 10 mm bridge"
0.856,0.6096,1.1,0.9754028738477273,"colony 800, 10 mm bridge"
0.376,0.47000000000000003,0.8,0.8602585909322277,"colony 800, 10 mm bridge"
0.876,0.8984,1.3,1.3026044061599216,"colony 800, 10 mm bridge"
0.956,1.0184,1.7,1.5333357603024194,"colony 800, 10 mm bridge"
0.604,0.8964000000000001,1.1,1.2628645563637624,"colony 800, 10 mm bridge"
0.656,0.8272,1.1,1.0640123788069225,"colony 800, 10 mm bridge"
0.704,0.9188000000000001,1.4,1.4250685801611906,"colony 800, 10 mm bridge"
0.488,0.6748000000000001,0.9,1.0299610454760464,"colony 800, 10 mm bridge"
0.208,0.44160000000000005,0.5,0.7279162531825891,"colony 800, 10 mm bridge"
1.32,1.0071999999999999,1.8,1.5551378433939131,"colony 800, 10 mm bridge"
1.304,1.1548,1.8,1.6694862630012077,"colony 800, 10 mm bridge"
0.472,0.5624,0.7,0.8579713700917346,"colony 800, 10 mm bridge"
0.748,0.7928,1.1,1.0746830366651894,"colony 800, 10 mm bridge"
0.5,0.8320000000000001,0.7,1.0639901480253717,"colony 800, 10 mm bridge"
0.952,1.04,1.7,1.479269723401592,"colony 800, 10 mm bridge"
0.552,0.6904,1.0,1.0517905808801102,"colony 800, 10 mm bridge"
0.636,0.8188000000000001,1.2,1.1196171557926404,"colony 800, 10 mm bridge"
0.572,0.7572,1.0,1.0214824858165414,"colony 800, 10 mm bridge"
0.548,0.5256000000000001,1.0,0.7860064659501709,"colony 800, 10 mm bridge"
0.976,0.8288,1.5,1.277343999984435,"colony 800, 10 mm bridge"
0.36,0.5075999999999999,0.6,0.8885787026352322,"colony 800, 10 mm bridge"
1.072,0.7652,1.3,1.1169295563523753,"colony 800, 10 mm bridge"
0.272,0.40919999999999995,0.6,0.700385228539586,"colony 800, 10 mm bridge"
0.776,0.5748,1.2,1.0414023078231014,"colony 800, 10 mm bridge"
0.6,0.758,1.3,1.3536776478392916,"colony 800, 10 mm bridge"
0.46,0.5216000000000001,0.8,0.856847580607083,"colony 800, 10 mm bridge"
0.82,0.7948000000000001,1.2,1.2150701620024968,"colony 800, 10 mm bridge"
0.56,0.6516,0.9,0.9555769039212605,"colony 800, 10 mm bridge"
1.024,1.0244,1.3,1.1135094065784692,"colony 800, 10 mm bridge"
1.012,1.2496,1.1,1.305769798730009,"colony 800, 10 mm bridge"
0.828,1.3336000000000001,1.5,1.4920099686810273,"colony 800, 10 mm bridge"
0.996,1.1987999999999999,1.7,1.5584848059019085,"colony 800, 10 mm bridge"
0.796,0.85,1.3,1.3131109053867305,"colony 800, 10 mm bridge"
0.916,0.8204,1.5,1.3602979718341197,"colony 800, 10 mm bridge"
1.072,0.96,1.4,1.3460926178025852,"colony 800, 10 mm bridge"
0.72,0.7488,1.3,1.245977006801774,"colony 800, 10 mm bridge"
0.744,1.0164,1.4,1.5216937610237449,"colony 800, 10 mm bridge"
1.072,0.8944000000000001,1.4,1.3545239082681746,"colony 800, 10 mm bridge"
0.668,0.8615999999999999,1.1,1.2055278686782576,"colony 800, 10 mm bridge"
0.276,0.438,0.6,0.6868992375238201,"colony 800, 10 mm bridge"
0.596,0.9492,1.2,1.2423565219458108,"colony 800, 10 mm bridge"
0.452,0.644,0.9,0.9469287012454395,"colony 800, 10 mm bridge"
0.18340611353711792,0.188646288209607,0.32751091703056767,0.31506030409375674,"colony 800, 10 mm bridge"
0.216,0.3268,0.3,0.560294924331465,"colony 800, 10 mm bridge"
1.08,1.0704,1.7,1.5597577208538376,"colony 800, 10 mm bridge"
0.2727272727272727,0.4168181818181818,0.5681818181818181,0.7047085230084588,"colony 800, 10 mm bridge"
0.356,0.38,0.7,0.6110086303940531,"colony 800, 10 mm bridge"
0.628,0.8236000000000001,1.1,1.1166039177776412,"colony 800, 10 mm bridge"
0.904,0.7936,0.9,0.94690726797079,"colony 800, 10 mm bridge"
0.28,0.6332,0.5,0.8160537910380248,"colony 800, 10 mm bridge"
0.616,1.0692,1.2,1.3024751167763011,"colony 800, 10 mm bridge"
1.088,0.9132,1.4,1.2864289577269756,"colony 800, 10 mm bridge"
1.284,1.3316000000000001,1.6,1.5461205338424542,"colony 800, 10 mm bridge"
2.056,1.0888,1.2,1.2281837893053618,"colony 800, 10 mm bridge"
0.796,0.7556,1.0,1.0887519810336033,"colony 800, 10 mm bridge"
1.076,1.0344,1.2,1.2247800480390725,"colony 800, 10 mm bridge"
0.584,0.874,1.0,1.1396046024982964,"colony 800, 10 mm bridge"
0.82,1.1904,1.4,1.249640521521306,"colony 800, 10 mm bridge"
0.928,1.0572,1.2,1.3201957532218862,"colony 800, 10 mm bridge"
0.652,1.0412000000000001,1.3,1.4306504613836981,"colony 800, 10 mm bridge"
1.26,1.2032,1.5,1.6555645184162757,"colony 800, 10 mm bridge"
1.948,1.3736000000000002,1.8,1.4646486207214893,"colony 800, 10 mm bridge"
0.956,1.0692,1.4,1.2448094680396509,"colony 800, 10 mm bridge"
1.012,0.9628,1.3,1.2376675796184358,"colony 800, 10 mm bridge"
0.16,0.2844,0.3,0.4845197400731434,"colony 800, 10 mm bridge"
0.612,0.5276,0.9,0.7974041342740218,"colony 800, 10 mm bridge"
0.548,0.5508,1.1,0.9111112568361264,"colony 800, 10 mm bridge"
0.32,0.4136,0.5,0.5886381143216546,"colony 800, 10 mm bridge"
0.468,0.53,0.9,0.8665914374938462,"colony 800, 10 mm bridge"
0.48,0.5336000000000001,1.0,0.8424467851878995,"colony 800, 10 mm bridge"
0.252,0.398,0.4,0.586309571986016,"colony 800, 10 mm bridge"
0.408,0.5112,0.7,0.7109696770695259,"colony 800, 10 mm bridge"
0.404,0.40800000000000003,0.8,0.7383247640851169,"colony 800, 10 mm bridge"
0.42,0.47759999999999997,0.8,0.8051724752667817,"colony 800, 10 mm bridge"
0.32,0.3032,0.4,0.48163984042683394,"colony 800, 10 mm bridge"
0.38,0.5780000000000001,0.7,0.801190961960867,"colony 800, 10 mm bridge"
1.208,0.9743999999999999,1.5,1.2635890046456324,"colony 800, 10 mm bridge"
0.356,0.564,0.5,0.7044425331343251,"colony 800, 10 mm bridge"
0.552,0.7168,1.0,0.9561769673161205,"colony 800, 10 mm bridge"
0.352,0.61,0.6,0.6988918181541253,"colony 800, 10 mm bridge"
0.988,1.2664,1.4,1.4373867412190273,"colony 800, 10 mm bridge"
0.5,0.564,0.8,0.8373854375796137,"colony 800, 10 mm bridge"
0.264,0.40599999999999997,0.5,0.5838350672601296,"colony 800, 10 mm bridge"
0.72,0.6388,0.9,0.8111764403781262,"colony 800, 10 mm bridge"
0.244,0.52,0.5,0.6904111332738618,"colony 800, 10 mm bridge"
0.152,0.4136,0.4,0.4954572260107397,"colony 800, 10 mm bridge"
1.164,0.5768,0.7,0.7353945402028258,"colony 800, 10 mm bridge"
2.1,1.0956,1.2,1.2508667222850893,"colony 800, 10 mm bridge"
2.428,0.8343999999999999,1.5,1.0876594661221244,"colony 800, 10 mm bridge"
0.376,0.5372,0.8,0.8744254025086765,"colony 800, 10 mm bridge"
0.3,0.3544,0.5,0.542752081680031,"colony 800, 10 mm bridge"
0.34,0.758,0.7,0.8960082049768298,"colony 800, 10 mm bridge"
1.5,0.748,0.7,0.8558006114057177,"colony 800, 10 mm bridge"
0.804,0.6216,0.8,0.7108829217549065,"colony 800, 10 mm bridge"
0.5,0.5328,0.8,0.828182725812129,"colony 800, 10 mm bridge"
0.148,0.3372,0.3,0.5126671392813968,"colony 800, 10 mm bridge"
0.6532258064516129,0.4491935483870968,0.8064516129032259,0.7191967484868573,"colony 800, 10 mm bridge"
0.748,0.5992,1.0,0.890757523640034,"colony 800, 10 mm bridge"
0.492,0.604,0.9,0.829696874661296,"colony 800, 10 mm bridge"
0.24,0.3336,0.5,0.5525984915358242,"colony 800, 10 mm bridge"
0.424,0.4892,0.6,0.6044315865977865,"colony 800, 10 mm bridge"
0.296,0.6676,0.5,0.6900242345310736,"colony 800, 10 mm bridge"
0.76,0.962,0.9,0.9644230391950362,"colony 800, 10 mm bridge"
0.608,0.7424000000000001,0.9,0.8718647904369655,"colony 800, 10 mm bridge"
0.488,0.6092,0.9,0.8491202642999964,"colony 800, 10 mm bridge"
0.244,0.6456000000000001,0.5,0.8481311935316197,"colony 800, 10 mm bridge"
1.344,1.1252,1.5,1.4163450293750608,"colony 800, 10 mm bridge"
0.436,0.5876,0.7,0.6895740990379231,"colony 800, 10 mm bridge"
0.264,0.37120000000000003,0.4,0.41174584171665635,"colony 800, 10 mm bridge"
0.504,0.4664,0.8,0.750800740535591,"colony 800, 10 mm bridge"
0.548,0.5272,0.8,0.7723136550602224,"colony 800, 10 mm bridge"
0.404,0.5104,0.8,0.7714933459755577,"colony 800, 10 mm bridge"
0.296,0.52,0.6,0.7933686865846997,"colony 800, 10 mm bridge"
0.668,0.6804,1.1,0.9664195871391478,"colony 800, 10 mm bridge"
0.288,0.37120000000000003,0.6,0.5941858181435917,"colony 800, 10 mm bridge"
0.416,0.4164,0.7,0.5666636184687273,"colony 800, 10 mm bridge"
0.396,0.47800000000000004,0.7,0.687451546974837,"colony 800, 10 mm bridge"
0.2,0.27559999999999996,0.4,0.5267503685124778,"colony 800, 10 mm bridge"
0.46,0.5424,0.9,0.8183211717941893,"colony 800, 10 mm bridge"
0.296,0.2312,0.4,0.41533370579193923,"colony 800, 10 mm bridge"
1.3859649122807018,0.7324561403508772,1.0964912280701755,0.9867961746883129,"colony 800, 10 mm bridge"
0.272,0.4668,0.4,0.7451125183650444,"colony 800, 10 mm bridge"
0.2931726907630522,0.18514056224899597,0.4016064257028112,0.32108830993673765,"colony 800, 10 mm bridge"
0.44,0.44160000000000005,0.6,0.5626186320805233,"colony 800, 10 mm bridge"
0.452,0.6364,0.9,0.8302901387651276,"colony 800, 10 mm bridge"
0.412,0.5564,0.5,0.6364521056561415,"colony 800, 10 mm bridge"
0.8,0.8744,1.0,0.8175479398819422,"colony 800, 10 mm bridge"
0.304,0.944,0.6,0.7417928336312073,"colony 800, 10 mm bridge"
0.6,1.1792,0.9,0.9396689687644795,"colony 800, 10 mm bridge"
0.368,0.9128000000000001,0.6,0.6164436718146359,"colony 800, 10 mm bridge"
0.488,1.1156000000000001,0.8,0.8822629341255673,"colony 800, 10 mm bridge"
0.588,1.4108,1.0,1.0918811818771879,"colony 800, 10 mm bridge"
0.364,1.0484,0.7,0.7851709682476787,"colony 800, 10 mm bridge"
0.3,1.0628,0.7,0.8398895674493394,"colony 800, 10 mm bridge"
0.468,1.2352,0.8,0.8662448284229491,"colony 800, 10 mm bridge"
0.544,1.6156,0.8,0.9414521952483019,"colony 800, 10 mm bridge"
0.348,1.5708,0.7,0.9410183285513662,"colony 800, 10 mm bridge"
0.468,1.4556,0.7,0.6981757836774805,"colony 800, 10 mm bridge"
0.564,1.6987999999999999,1.0,0.999125633985351,"colony 800, 10 mm bridge"
0.404,1.4528,0.8,0.8935342230913861,"colony 800, 10 mm bridge"
0.744,1.5592000000000001,1.1,1.0357386513565041,"colony 800, 10 mm bridge"
0.416,1.3128,0.6,0.856543833219947,"colony 800, 10 mm bridge"
0.94,1.1972,0.5,0.5576621460850598,"colony 800, 10 mm bridge"
1.044,1.2856,0.9,0.6910379372564607,"colony 800, 10 mm bridge"
1.216,1.1444,0.5,0.5742731604094979,"colony 800, 10 mm bridge"
0.312,1.1312,0.5,0.657543033004618,"colony 800, 10 mm bridge"
0.416,1.1444,0.8,0.819641852959914,"colony 800, 10 mm bridge"
0.628,1.1952,0.9,0.815825152056369,"colony 800, 10 mm bridge"
0.164,0.8779999999999999,0.4,0.5064000724708029,"colony 800, 10 mm bridge"
0.348,0.9812,0.6,0.6173455994770284,"colony 800, 10 mm bridge"
0.16,0.93,0.3,0.5144039221431949,"colony 800, 10 mm bridge"
0.372,0.8972,0.7,0.6863573049250798,"colony 800, 10 mm bridge"
0.28,0.7363999999999999,0.6,0.6442631801178098,"colony 800, 10 mm bridge"
0.328,0.8624,0.7,0.7224281371195687,"colony 800, 10 mm bridge"
0.496,0.8939999999999999,0.9,0.7904888320634882,"colony 800, 10 mm bridge"
0.66,1.2916,0.8,1.0470652649741772,"colony 800, 10 mm bridge"
0.792,1.2348000000000001,1.2,1.1436844753058097,"colony 800, 10 mm bridge"
0.264,0.7428,0.4,0.6130724776297765,"colony 800, 10 mm bridge"
0.376,0.6292,0.7,0.6455811089512176,"colony 800, 10 mm bridge"
1.088,0.7336,1.1,0.7263558367782342,"colony 800, 10 mm bridge"
0.064,0.4404,0.1,0.32159182341806636,"colony 800, 10 mm bridge"
0.284,0.47000000000000003,0.4,0.3703640553029719,"colony 800, 10 mm bridge"
0.452,0.7352000000000001,0.6,0.6001227666173167,"colony 800, 10 mm bridge"
0.6,0.806,0.8,0.7445017531519176,"colony 800, 10 mm bridge"
0.212,0.7888,0.4,0.6093745370043009,"colony 800, 10 mm bridge"
0.536,0.8688,0.4,0.6771279646868562,"colony 800, 10 mm bridge"
0.816,0.9776,1.0,0.8167633062113205,"colony 800, 10 mm bridge"
0.228,0.6248,0.5,0.4799791073688036,"colony 800, 10 mm bridge"
0.32,0.6048,0.5,0.47535839650792155,"colony 800, 10 mm bridge"
0.416,0.6172,0.5,0.5400349135353776,"colony 800, 10 mm bridge"
0.224,0.4852,0.3,0.41248469162643026,"colony 800, 10 mm bridge"
0.592,0.6408,0.7,0.6721008719617251,"colony 800, 10 mm bridge"
0.352,0.758,0.7,0.7790445699651205,"colony 800, 10 mm bridge"
0.676,0.6408,0.5,0.5536118824189922,"colony 800, 10 mm bridge"
0.62,0.7912,0.8,0.8298341680372749,"colony 800, 10 mm bridge"
0.716,0.7368,0.8,0.7208755759508623,"colony 800, 10 mm bridge"
0.352,0.7532,0.5,0.6696960711391746,"colony 800, 10 mm bridge"
0.524,0.7847999999999999,0.5,0.651483344636955,"colony 800, 10 mm bridge"
0.376,0.6679999999999999,0.7,0.6105352734297758,"colony 800, 10 mm bridge"
0.284,0.4936,0.4,0.43965148447919367,"colony 800, 10 mm bridge"
0.212,0.5075999999999999,0.4,0.4760317345369105,"colony 800, 10 mm bridge"
0.612,1.0256,0.9,0.8278107665135847,"colony 800, 10 mm bridge"
0.464,0.9676,0.5,0.7827048062483313,"colony 800, 10 mm bridge"
1.236,1.224,1.2,1.0319751935590848,"colony 800, 10 mm bridge"
0.468,0.75,0.7,0.8517534096420266,"colony 800, 10 mm bridge"
0.34,0.508,0.7,0.7177979057666753,"colony 800, 10 mm bridge"
0.10619469026548672,0.11061946902654866,0.22123893805309736,0.21142868256073388,"colony 800, 10 mm bridge"
0.472,0.4584,0.7,0.6881095737931685,"colony 800, 10 mm bridge"
0.1589958158995816,0.15313807531380755,0.3138075313807531,0.2544120771799403,"colony 800, 10 mm bridge"
0.1318181818181818,0.14545454545454545,0.11363636363636363,0.17118345035492039,"colony 800, 10 mm bridge"
0.3333333333333333,0.35657894736842105,0.5482456140350878,0.5175964874090223,"colony 800, 10 mm bridge"
0.12173913043478261,0.17043478260869566,0.2173913043478261,0.2780224905361232,"colony 800, 10 mm bridge"
0.22,0.21200000000000002,0.4,0.3449336865359339,"colony 800, 10 mm bridge"
0.264,0.2544,0.5,0.45394900735899596,"colony 800, 10 mm bridge"
0.14112903225806453,0.17620967741935484,0.3024193548387097,0.34257887611095117,"colony 800, 10 mm bridge"
0.10747663551401869,0.11261682242990653,0.2336448598130841,0.22886650155316307,"colony 800, 10 mm bridge"
0.28780487804878047,0.3121951219512195,0.6097560975609757,0.6034276595205613,"colony 800, 10 mm bridge"
0.316,0.49160000000000004,0.7,0.6029470960014447,"colony 800, 10 mm bridge"
0.124,0.4176,0.2,0.3306001377565113,"colony 800, 10 mm bridge"
0.94,1.1144,0.9,1.0320030826345588,"colony 800, 10 mm bridge"
0.42,0.6256,0.6,0.5816727573616034,"colony 800, 10 mm bridge"
0.64,0.7123999999999999,0.6,0.5369675837967387,"colony 800, 10 mm bridge"
0.18,0.45119999999999993,0.3,0.34423700536273477,"colony 800, 10 mm bridge"
0.352,0.6115999999999999,0.5,0.5107198191530847,"colony 800, 10 mm bridge"
0.104,0.3792,0.2,0.2305542499722334,"colony 800, 10 mm bridge"
0.676,0.794,0.7,0.7371393124036607,"colony 800, 10 mm bridge"
0.084,0.2484,0.1,0.1695148032756493,"colony 800, 10 mm bridge"
0.06,0.32320000000000004,0.1,0.20984130773170417,"colony 800, 10 mm bridge"
0.3,0.7704,0.6,0.5412893814910469,"colony 800, 10 mm bridge"
0.272,0.7323999999999999,0.4,0.4036267438799496,"colony 800, 10 mm bridge"
0.6,0.6764,0.2,0.3797958765577299,"colony 800, 10 mm bridge"
0.352,0.6336,0.4,0.5304103195716866,"colony 800, 10 mm bridge"
0.312,0.5468,0.5,0.5090531704864153,"colony 800, 10 mm bridge"
0.256,0.5599999999999999,0.5,0.5182627446150333,"colony 800, 10 mm bridge"
0.212,0.5704,0.4,0.44817032111487015,"colony 800, 10 mm bridge"
0.272,0.5888,0.5,0.5241032818410245,"colony 800, 10 mm bridge"
0.28,0.6604,0.5,0.4816087483471849,"colony 800, 10 mm bridge"
0.136,0.47519999999999996,0.3,0.29535498553407047,"colony 800, 10 mm bridge"
0.176,0.6012,0.3,0.31466325743469864,"colony 800, 10 mm bridge"
0.228,0.49640000000000006,0.3,0.378363350688212,"colony 800, 10 mm bridge"
0.26,0.8124,0.5,0.5215468578461115,"colony 800, 10 mm bridge"
1.508,1.0184,0.7,0.8405703106666794,"colony 800, 10 mm bridge"
0.34,0.8311999999999999,0.6,0.6931783567855518,"colony 800, 10 mm bridge"
0.432,0.8468,0.7,0.7944116171275319,"colony 800, 10 mm bridge"
0.724,0.9936,1.2,1.2075808507828798,"colony 800, 10 mm bridge"
0.324,0.6416000000000001,0.5,0.5981247911533906,"colony 800, 10 mm bridge"
0.1,0.2312,0.2,0.19393651812239837,"colony 800, 10 mm bridge"
0.052,0.1992,0.1,0.1239050583884447,"colony 800, 10 mm bridge"
0.328,0.6504,0.7,0.7040617555852734,"colony 800, 10 mm bridge"
0.084,0.312,0.2,0.2844513366007637,"colony 800, 10 mm bridge"
0.328,0.488,0.4,0.3841849787911913,"colony 800, 10 mm bridge"
0.096,0.2736,0.2,0.21091776803719767,"colony 800, 10 mm bridge"
0.404,0.504,0.7,0.6317908001355091,"colony 800, 10 mm bridge"
0.024,0.16040000000000001,0.0,0.08373032029588902,"colony 800, 10 mm bridge"
0.3,0.5748,0.6,0.5807823418953418,"colony 800, 10 mm bridge"
0.196,0.32999999999999996,0.4,0.4119918792779228,"colony 800, 10 mm bridge"
0.20689655172413793,0.24137931034482757,0.3694581280788178,0.38055720338143845,"colony 800, 10 mm bridge"
0.204,0.2848,0.4,0.37107116526503253,"colony 800, 10 mm bridge"
0.536,0.6556,0.8,0.775250693213972,"colony 800, 10 mm bridge"
0.092,0.3536,0.2,0.32636586714951316,"colony 800, 10 mm bridge"
0.052,0.3992,0.1,0.1482830772903495,"colony 800, 10 mm bridge"
0.228,0.5948,0.4,0.3980274869577163,"colony 800, 10 mm bridge"
0.364,0.6412,0.5,0.4450812059525721,"colony 800, 10 mm bridge"
0.104,0.5708,0.2,0.35081983284763135,"colony 800, 10 mm bridge"
0.1,0.3168,0.2,0.1475808260773198,"colony 800, 10 mm bridge"
0.252,0.708,0.4,0.4836644759074807,"colony 800, 10 mm bridge"
0.308,0.7172,0.6,0.6138335356024333,"colony 800, 10 mm bridge"
0.156,0.3624,0.3,0.3791770940767983,"colony 800, 10 mm bridge"
0.344,0.45359999999999995,0.5,0.4468044296462821,"colony 800, 10 mm bridge"
0.212,0.4728,0.4,0.4075139390934186,"colony 800, 10 mm bridge"
0.196,0.49640000000000006,0.4,0.4323411206731679,"colony 800, 10 mm bridge"
0.228,0.5532,0.5,0.4303242585198523,"colony 800, 10 mm bridge"
0.324,0.562,0.3,0.26050967986652557,"colony 800, 10 mm bridge"
0.084,0.5136000000000001,0.2,0.29905361576379486,"colony 800, 10 mm bridge"
0.096,0.434,0.2,0.20504353678661474,"colony 800, 10 mm bridge"
0.208,0.5764,0.3,0.3445398413677022,"colony 800, 10 mm bridge"
0.088,0.36360000000000003,0.1,0.0997424382398323,"colony 800, 10 mm bridge"
0.228,0.4772,0.5,0.4046975509580752,"colony 800, 10 mm bridge"
0.12,0.3984,0.2,0.24838355337849516,"colony 800, 10 mm bridge"
0.168,0.40800000000000003,0.3,0.2761085705741097,"colony 800, 10 mm bridge"
0.096,0.348,0.1,0.16636172560369022,"colony 800, 10 mm bridge"
0.108,0.3204,0.2,0.17755825045960993,"colony 800, 10 mm bridge"
0.052,0.262,0.1,0.12639943764791103,"colony 800, 10 mm bridge"
0.1,0.304,0.2,0.17977097722508964,"colony 800, 10 mm bridge"
0.14,0.45439999999999997,0.3,0.32598966955324493,"colony 800, 10 mm bridge"
0.216,0.4704,0.4,0.36699168302517426,"colony 800, 10 mm bridge"
0.22,0.5272,0.4,0.39574678299881194,"colony 800, 10 mm bridge"
0.332,0.6808,0.5,0.571415024274176,"colony 800, 10 mm bridge"
0.108,0.38039999999999996,0.2,0.16818419988154626,"colony 800, 10 mm bridge"
0.1,0.40679999999999994,0.2,0.172520943247222,"colony 800, 10 mm bridge"
0.368,0.8028000000000001,0.4,0.4489990151474088,"colony 800, 10 mm bridge"
0.392,0.6752,0.4,0.38004648835690624,"colony 800, 10 mm bridge"
0.14,0.6268,0.3,0.2953420097706016,"colony 800, 10 mm bridge"
0.2,0.716,0.3,0.35518282943770346,"colony 800, 10 mm bridge"
0.764,0.9484,0.8,0.7011932784424657,"colony 800, 10 mm bridge"
0.328,0.7192000000000001,0.2,0.3243139496154429,"colony 800, 10 mm bridge"
0.184,0.5519999999999999,0.2,0.2527011325873692,"colony 800, 10 mm bridge"
0.164,0.546,0.3,0.2884696757591751,"colony 800, 10 mm bridge"
0.304,0.534,0.4,0.42749161849135797,"colony 800, 10 mm bridge"
0.344,0.4096,0.3,0.2666544167227662,"colony 800, 10 mm bridge"
0.204,0.4288,0.4,0.38741156001299204,"colony 800, 10 mm bridge"
0.0,0.10640000000000001,0.0,0.008301372801169653,"colony 800, 10 mm bridge"
0.244,0.3544,0.4,0.40120467926949976,"colony 800, 10 mm bridge"
0.116,0.3772,0.2,0.2504020951151992,"colony 800, 10 mm bridge"
0.132,0.4,0.2,0.1662104555232803,"colony 800, 10 mm bridge"
0.268,0.5940000000000001,0.4,0.37962739617450075,"colony 800, 10 mm bridge"
0.256,0.8328,0.4,0.4922895009105826,"colony 800, 10 mm bridge"
0.62,1.0856,0.9,0.809836218776849,"colony 800, 10 mm bridge"
1.012,1.1587999999999998,1.0,0.7988721045355244,"colony 800, 10 mm bridge"
0.596,0.9571999999999999,0.6,0.6337822952013302,"colony 800, 10 mm bridge"
0.644,0.5992,0.4,0.35683392588627344,"colony 800, 10 mm bridge"
0.476,0.7552,0.6,0.5729315265300124,"colony 800, 10 mm bridge"
0.124,0.3316,0.2,0.19601520623915314,"colony 800, 10 mm bridge"
0.22,0.3144,0.2,0.19499276831596649,"colony 800, 10 mm bridge"
0.196,0.5448000000000001,0.4,0.4649108710140443,"colony 800, 10 mm bridge"
0.112,0.4668,0.2,0.23746506371936169,"colony 800, 10 mm bridge"
0.24,0.4124,0.4,0.3443893038134098,"colony 800, 10 mm bridge"
0.384,0.28759999999999997,0.2,0.24569643089010604,"colony 800, 10 mm bridge"
0.2,0.28559999999999997,0.4,0.3892538887655281,"colony 800, 10 mm bridge"
0.0743801652892562,0.14297520661157023,0.10330578512396695,0.202752136364867,"colony 800, 10 mm bridge"
0.168,0.2116,0.3,0.2774519259561221,"colony 800, 10 mm bridge"
0.228,0.2884,0.4,0.38826379319628385,"colony 800, 10 mm bridge"
0.3,0.3144,0.5,0.43439685513959325,"colony 800, 10 mm bridge"
0.32,0.4208,0.4,0.501590226971217,"colony 800, 10 mm bridge"
0.468,0.40599999999999997,0.7,0.49183943951473447,"colony 800, 10 mm bridge"
0.268,0.33199999999999996,0.5,0.38499057939191994,"colony 800, 10 mm bridge"
0.188,0.2644,0.3,0.3721117058563572,"colony 800, 10 mm bridge"
0.271889400921659,0.23041474654377878,0.4608294930875576,0.3453460211603215,"colony 800, 10 mm bridge"
0.232,0.4384,0.4,0.4613396535217569,"colony 800, 10 mm bridge"
0.32589285714285715,0.33616071428571426,0.6696428571428571,0.48910410422260187,"colony 800, 10 mm bridge"
0.332,0.2408,0.4,0.2632996113019236,"colony 800, 10 mm bridge"
0.388,0.5256000000000001,0.4,0.44664683385049697,"colony 800, 10 mm bridge"
0.144,0.294,0.2,0.336559476967849,"colony 800, 10 mm bridge"
0.308,0.44000000000000006,0.5,0.5120423075214957,"colony 800, 10 mm bridge"
0.31275720164609055,0.25349794238683127,0.4115226337448559,0.4372333513095397,"colony 800, 10 mm bridge"
0.108,0.1232,0.2,0.20225851429966224,"colony 800, 10 mm bridge"
0.144,0.2116,0.3,0.3104649568140575,"colony 800, 10 mm bridge"
0.124,0.1968,0.2,0.19266645653297612,"colony 800, 10 mm bridge"
0.192,0.3852,0.3,0.3589524735880105,"colony 800, 10 mm bridge"
0.96,0.49720000000000003,0.6,0.5152892244026352,"colony 800, 10 mm bridge"
0.16831683168316833,0.3198019801980198,0.3712871287128713,0.41353271263914415,"colony 800, 10 mm bridge"
0.168,0.3368,0.2,0.37288443492827134,"colony 800, 10 mm bridge"
0.224,0.39239999999999997,0.4,0.4114546888327107,"colony 800, 10 mm bridge"
0.0319634703196347,0.05,0.05707762557077626,0.06651003272081955,"colony 3200, 20 mm bridge"
0.07300884955752213,0.05,0.05530973451327434,0.04744504166764263,"colony 3200, 20 mm bridge"
0.328,0.21459999999999999,0.2,0.18815005934439416,"colony 3200, 20 mm bridge"
0.084,0.1156,0.05,0.1171894624017035,"colony 3200, 20 mm bridge"
0.106,0.1176,0.05,0.1476905998791497,"colony 3200, 20 mm bridge"
0.116,0.13340000000000002,0.15,0.1227052133340792,"colony 3200, 20 mm bridge"
0.236,0.16040000000000001,0.3,0.17256677458608866,"colony 3200, 20 mm bridge"
0.156,0.1574,0.1,0.1640215469768791,"colony 3200, 20 mm bridge"
0.214,0.1722,0.2,0.22029880221076253,"colony 3200, 20 mm bridge"
0.11,0.1714,0.15,0.18068269455164138,"colony 3200, 20 mm bridge"
0.194,0.1888,0.1,0.21463498106248394,"colony 3200, 20 mm bridge"
0.182,0.23399999999999999,0.3,0.27148375485775206,"colony 3200, 20 mm bridge"
0.102,0.223,0.15,0.25616456239976854,"colony 3200, 20 mm bridge"
0.09,0.2144,0.2,0.24830500938100075,"colony 3200, 20 mm bridge"
0.142,0.1968,0.2,0.22602968843517668,"colony 3200, 20 mm bridge"
0.09,0.21400000000000002,0.1,0.26412998434221246,"colony 3200, 20 mm bridge"
0.26954732510288065,0.3201646090534979,0.5658436213991769,0.5650940165535837,"colony 3200, 20 mm bridge"
0.658,0.6526,1.0,0.8754444577861175,"colony 3200, 20 mm bridge"
0.454,0.682,0.9,0.9966052438172944,"colony 3200, 20 mm bridge"
0.788,0.6839999999999999,0.9,0.9509936282194387,"colony 3200, 20 mm bridge"
0.57,0.7386,0.95,1.0807637206886351,"colony 3200, 20 mm bridge"
0.912,1.035,1.6,1.5268097049670692,"colony 3200, 20 mm bridge"
0.632,0.7857999999999999,1.15,1.280173700754875,"colony 3200, 20 mm bridge"
0.74,0.7323999999999999,1.15,1.1996117836859619,"colony 3200, 20 mm bridge"
0.542,0.6532,1.0,1.0755698454125355,"colony 3200, 20 mm bridge"
0.874,0.8892,1.1,1.2507171253405247,"colony 3200, 20 mm bridge"
0.782,0.7974,0.95,1.1007357294270124,"colony 3200, 20 mm bridge"
0.572,0.659,0.95,0.9607505048833929,"colony 3200, 20 mm bridge"
0.588,0.7148,1.05,1.1055222510026814,"colony 3200, 20 mm bridge"
0.7,0.913,1.2,1.4222046183686752,"colony 3200, 20 mm bridge"
0.872,0.673,0.95,1.029918930646104,"colony 3200, 20 mm bridge"
0.7,0.783,0.9,1.0819151818140385,"colony 3200, 20 mm bridge"
0.764,0.8404,1.25,1.290463199547056,"colony 3200, 20 mm bridge"
0.596,0.7392000000000001,0.9,1.0839728705749456,"colony 3200, 20 mm bridge"
1.342,1.486,1.55,1.7897809754581653,"colony 3200, 20 mm bridge"
0.81,1.0244,1.25,1.3057872416097884,"colony 3200, 20 mm bridge"
0.728,0.8805999999999999,1.1,1.186558411448646,"colony 3200, 20 mm bridge"
0.946,1.0748,1.3,1.4184254941656937,"colony 3200, 20 mm bridge"
0.664,0.794,1.0,1.1038081769507084,"colony 3200, 20 mm bridge"
0.838,0.7732,0.9,1.0748870770903205,"colony 3200, 20 mm bridge"
1.182,0.9987999999999999,1.25,1.3221000901100732,"colony 3200, 20 mm bridge"
0.618,0.7458,0.85,0.9649570791572571,"colony 3200, 20 mm bridge"
0.762,0.7535999999999999,1.15,1.0379115617298778,"colony 3200, 20 mm bridge"
0.988,1.0036,0.95,1.2516360052150484,"colony 3200, 20 mm bridge"
0.522,0.6248,0.8,0.915521803217368,"colony 3200, 20 mm bridge"
0.692,0.7488,1.05,0.9818241925025064,"colony 3200, 20 mm bridge"
0.828,0.9064,1.1,1.1607922848615404,"colony 3200, 20 mm bridge"
0.78,1.0,1.2,1.2754139126983157,"colony 3200, 20 mm bridge"
0.642,0.8606,1.05,1.1253734763431802,"colony 3200, 20 mm bridge"
0.644,0.6616,1.0,0.9357085853090059,"colony 3200, 20 mm bridge"
0.604,0.7256,0.95,0.9987852891579396,"colony 3200, 20 mm bridge"
0.482,0.7098,0.75,0.9670542193795002,"colony 3200, 20 mm bridge"
1.244,1.127,1.45,1.5021991264132049,"colony 3200, 20 mm bridge"
0.836,0.968,1.25,1.3339642388417972,"colony 3200, 20 mm bridge"
0.658,0.8654,1.1,1.2007196992349352,"colony 3200, 20 mm bridge"
0.628,0.8268000000000001,1.15,1.2209800517044267,"colony 3200, 20 mm bridge"
0.486,0.46740000000000004,0.8,0.7856167938635461,"colony 3200, 20 mm bridge"
0.478,0.6886,0.85,0.9833871907030219,"colony 3200, 20 mm bridge"
0.698,0.8286,1.3,1.2127400410779419,"colony 3200, 20 mm bridge"
0.838,0.9296,1.05,1.2730448274935156,"colony 3200, 20 mm bridge"
0.764,0.8,1.1,1.1799091125447683,"colony 3200, 20 mm bridge"
0.69,0.7484,1.15,1.0461825409683974,"colony 3200, 20 mm bridge"
0.912,1.0150000000000001,1.3,1.4460007552795167,"colony 3200, 20 mm bridge"
1.304,1.2273999999999998,1.65,1.7144260778268117,"colony 3200, 20 mm bridge"
0.682,0.8417999999999999,1.05,1.2116234266711734,"colony 3200, 20 mm bridge"
0.442,0.638,0.7,0.841341844155334,"colony 3200, 20 mm bridge"
0.53,0.7162,0.95,0.9367105288040309,"colony 3200, 20 mm bridge"
0.952,0.9832000000000001,1.6,1.2647016075292479,"colony 3200, 20 mm bridge"
1.146,1.1183999999999998,1.45,1.4507611365951107,"colony 3200, 20 mm bridge"
0.774,0.9298,1.25,1.2898286351486714,"colony 3200, 20 mm bridge"
0.634,0.7006,1.0,1.0050434819617236,"colony 3200, 20 mm bridge"
0.556,0.6784,0.9,0.9382133314237661,"colony 3200, 20 mm bridge"
0.858,0.7894,1.1,1.0238422319277338,"colony 3200, 20 mm bridge"
0.636,0.7676000000000001,0.9,1.041673187308951,"colony 3200, 20 mm bridge"
0.954,1.0562,1.2,1.4103721201102235,"colony 3200, 20 mm bridge"
0.83,0.9858,1.3,1.3879311324034236,"colony 3200, 20 mm bridge"
0.626,0.7696,1.1,1.192314475616066,"colony 3200, 20 mm bridge"
0.604,0.8240000000000001,1.05,1.1483647072856398,"colony 3200, 20 mm bridge"
1.094,1.0826,1.45,1.4426168421467969,"colony 3200, 20 mm bridge"
0.894,1.1054,1.35,1.4523299729594463,"colony 3200, 20 mm bridge"
0.746,0.8795999999999999,0.8,1.2287776384768818,"colony 3200, 20 mm bridge"
1.856,1.5248,1.9,1.8784711032824228,"colony 3200, 20 mm bridge"
1.518,1.3576000000000001,1.55,1.695686898913359,"colony 3200, 20 mm bridge"
0.838,0.8897999999999999,1.2,1.2522770272652657,"colony 3200, 20 mm bridge"
0.834,0.9082000000000001,1.2,1.3529023013918313,"colony 3200, 20 mm bridge"
0.998,1.1326,1.65,1.5831932855532156,"colony 3200, 20 mm bridge"
0.888,0.9782,1.15,1.475723163685011,"colony 3200, 20 mm bridge"
0.982,0.8374,1.45,1.3174750908074264,"colony 3200, 20 mm bridge"
0.716,0.6910000000000001,1.1,1.1084291797979589,"colony 3200, 20 mm bridge"
0.832,1.0148,1.15,1.4344282373693202,"colony 3200, 20 mm bridge"
0.83,1.017,1.45,1.4154645601368134,"colony 3200, 20 mm bridge"
0.74,1.0050000000000001,0.95,1.3129606671582406,"colony 3200, 20 mm bridge"
0.72,0.8564,1.0,1.12512453517598,"colony 3200, 20 mm bridge"
0.924,1.0188000000000001,1.15,1.2932913287993884,"colony 3200, 20 mm bridge"
0.53,0.7408,0.85,1.0124704068740389,"colony 3200, 20 mm bridge"
0.788,0.8513999999999999,1.2,1.171457504114599,"colony 3200, 20 mm bridge"
0.7,0.769,1.0,1.0152760739357118,"colony 3200, 20 mm bridge"
0.704,0.905,0.9,1.1546498312067135,"colony 3200, 20 mm bridge"
0.814,0.9256,1.3,1.1949600088982735,"colony 3200, 20 mm bridge"
0.636,0.8548,1.0,1.0979029358848156,"colony 3200, 20 mm bridge"
1.078,1.0638,1.25,1.3603804361900702,"colony 3200, 20 mm bridge"
0.872,0.9743999999999999,1.4,1.3776374869940986,"colony 3200, 20 mm bridge"
0.898,1.059,1.25,1.4274545414402169,"colony 3200, 20 mm bridge"
1.22,1.1667999999999998,1.65,1.50295202814632,"colony 3200, 20 mm bridge"
0.78,0.8148,1.05,1.1993292118961971,"colony 3200, 20 mm bridge"
0.816,0.8558,1.25,1.2981147374680335,"colony 3200, 20 mm bridge"
1.094,0.9630000000000001,1.35,1.3786606196010556,"colony 3200, 20 mm bridge"
0.91,1.099,1.3,1.485288341116254,"colony 3200, 20 mm bridge"
1.256,1.1518000000000002,1.65,1.591271747665825,"colony 3200, 20 mm bridge"
0.85,0.9067999999999999,1.2,1.2685989472008956,"colony 3200, 20 mm bridge"
1.104,0.9385999999999999,1.3,1.3037416486975673,"colony 3200, 20 mm bridge"
0.852,0.9683999999999999,1.45,1.346275179710093,"colony 3200, 20 mm bridge"
1.612,1.3244,2.15,1.7554181679971608,"colony 3200, 20 mm bridge"
0.772,0.8654,1.05,1.18060307076545,"colony 3200, 20 mm bridge"
0.652,0.9262,1.1,1.1811898247197208,"colony 3200, 20 mm bridge"
0.788,0.8432000000000001,1.0,1.1704484358299911,"colony 3200, 20 mm bridge"
1.388,1.2578,1.65,1.6062882109583787,"colony 3200, 20 mm bridge"
0.832,1.154,1.3,1.5275415103748144,"colony 3200, 20 mm bridge"
0.82,0.8371999999999999,1.2,1.2677958796091646,"colony 3200, 20 mm bridge"
0.764,1.0122,1.35,1.5036877948854706,"colony 3200, 20 mm bridge"
1.682,1.2167999999999999,1.7,1.6506306029917683,"colony 3200, 20 mm bridge"
1.26,1.1583999999999999,1.35,1.5318505815056451,"colony 3200, 20 mm bridge"
1.552,1.287,1.55,1.4969499184728758,"colony 3200, 20 mm bridge"
1.12,1.1776,1.3,1.469879449328491,"colony 3200, 20 mm bridge"
0.83,1.0864,1.3,1.360333088353192,"colony 3200, 20 mm bridge"
1.114,1.2997999999999998,1.35,1.6588664027044784,"colony 3200, 20 mm bridge"
1.386,1.4853999999999998,1.8,1.9470843423911277,"colony 3200, 20 mm bridge"
0.748,0.7962,1.0,1.096505560010863,"colony 3200, 20 mm bridge"
1.282,1.1734,1.25,1.4276520380879882,"colony 3200, 20 mm bridge"
1.118,1.4288,1.5,1.8246739073907745,"colony 3200, 20 mm bridge"
0.742,1.1128,1.45,1.432020166286581,"colony 3200, 20 mm bridge"
1.304,1.307,1.7,1.627541223241301,"colony 3200, 20 mm bridge"
1.168,1.2846,1.6,1.6378539815323787,"colony 3200, 20 mm bridge"
1.09,1.2532,1.35,1.395534693915048,"colony 3200, 20 mm bridge"
0.748,1.3002,1.3,1.5653014602639872,"colony 3200, 20 mm bridge"
1.246,1.2128,1.5,1.426569449654686,"colony 3200, 20 mm bridge"
0.774,1.1423999999999999,1.15,1.2670963628362202,"colony 3200, 20 mm bridge"
0.838,0.9526,0.95,1.166471918917216,"colony 3200, 20 mm bridge"
1.032,1.2864,1.4,1.510170262190571,"colony 3200, 20 mm bridge"
0.976,1.3518000000000001,1.45,1.7073808251073437,"colony 3200, 20 mm bridge"
1.734,1.5036,2.05,1.9345854636792585,"colony 3200, 20 mm bridge"
0.928,1.0176,1.1,1.3539999357059558,"colony 3200, 20 mm bridge"
1.278,1.4674,1.7,1.7933485391597288,"colony 3200, 20 mm bridge"
0.878,1.184,1.5,1.4821149069512867,"colony 3200, 20 mm bridge"
1.05,1.3024,1.55,1.6354087961254717,"colony 3200, 20 mm bridge"
0.68,0.8837999999999999,1.05,1.1927634127333104,"colony 3200, 20 mm bridge"
1.372,1.1802,1.6,1.4683149396037731,"colony 3200, 20 mm bridge"
0.86,0.9715999999999999,1.05,1.3224052901245091,"colony 3200, 20 mm bridge"
1.188,1.3696,1.75,1.7225426494244411,"colony 3200, 20 mm bridge"
1.008,1.0732,1.75,1.5843882417106259,"colony 3200, 20 mm bridge"
0.884,1.1076000000000001,1.45,1.4402164163584226,"colony 3200, 20 mm bridge"
1.386,1.301,1.7,1.4747520201360413,"colony 3200, 20 mm bridge"
0.902,1.1507999999999998,1.1,1.269410305257139,"colony 3200, 20 mm bridge"
1.582,1.3488,1.75,1.6953222701161914,"colony 3200, 20 mm bridge"
0.906,1.0224,1.2,1.397851528349547,"colony 3200, 20 mm bridge"
1.228,1.3016,1.8,1.6951816020310546,"colony 3200, 20 mm bridge"
0.87,1.3552,1.45,1.6661358852040487,"colony 3200, 20 mm bridge"
1.4,1.702,1.75,1.90278565851703,"colony 3200, 20 mm bridge"
0.73,1.2672,1.3,1.455036354886341,"colony 3200, 20 mm bridge"
0.89,1.1758,1.15,1.3818406319689407,"colony 3200, 20 mm bridge"
1.196,1.3062,1.6,1.5916859871574998,"colony 3200, 20 mm bridge"
1.63,1.5196,1.75,1.6349068879661843,"colony 3200, 20 mm bridge"
2.336,1.6052,1.45,1.6429842186308605,"colony 3200, 20 mm bridge"
2.354,1.7902,1.85,1.7048829536112609,"colony 3200, 20 mm bridge"
1.2,1.3832,1.15,1.3320447379139027,"colony 3200, 20 mm bridge"
0.96,1.54,1.55,1.528921765765911,"colony 3200, 20 mm bridge"
0.922,1.3018,1.4,1.4157374734691082,"colony 3200, 20 mm bridge"
0.966,1.4087999999999998,1.2,1.4923974072952606,"colony 3200, 20 mm bridge"
0.712,1.2746,1.05,1.264016852232742,"colony 3200, 20 mm bridge"
1.268,1.6388000000000003,1.6,1.673543930071732,"colony 3200, 20 mm bridge"
1.188,1.7408000000000001,1.8,1.7627742248731177,"colony 3200, 20 mm bridge"
0.87,1.2810000000000001,1.25,1.3259654722755942,"colony 3200, 20 mm bridge"
1.058,1.6778,1.75,1.7882731043728828,"colony 3200, 20 mm bridge"
1.448,1.8885999999999998,1.85,1.9527368621366696,"colony 3200, 20 mm bridge"
0.682,1.2736,1.2,1.309639034545295,"colony 3200, 20 mm bridge"
0.78,1.3481999999999998,1.65,1.4834957669837447,"colony 3200, 20 mm bridge"
1.232,1.902,2.1,2.025780949299238,"colony 3200, 20 mm bridge"
1.25,1.5148,1.9,1.8338161483791275,"colony 3200, 20 mm bridge"
0.932,1.5282,1.4,1.737569392052975,"colony 3200, 20 mm bridge"
1.34,1.8554,1.8,2.044470519216647,"colony 3200, 20 mm bridge"
1.214,1.7292,1.8,1.8169412149385633,"colony 3200, 20 mm bridge"
1.416,1.7597999999999998,1.7,2.02297722316299,"colony 3200, 20 mm bridge"
0.854,1.4094,1.4,1.5187278499977916,"colony 3200, 20 mm bridge"
0.578,1.1776,1.05,1.0820697100655465,"colony 3200, 20 mm bridge"
1.21,1.7106000000000001,1.45,1.7222431052138438,"colony 3200, 20 mm bridge"
1.108,1.7510000000000001,1.6,1.5660619996553375,"colony 3200, 20 mm bridge"
0.912,1.666,1.45,1.6666670583220704,"colony 3200, 20 mm bridge"
0.82,1.5244,1.45,1.4867071907063296,"colony 3200, 20 mm bridge"
1.14,1.3132,1.25,1.3238461183183683,"colony 3200, 20 mm bridge"
1.498,1.4576,1.55,1.5152614810503982,"colony 3200, 20 mm bridge"
1.548,1.4866,1.7,1.5963191045005436,"colony 3200, 20 mm bridge"
1.45,1.3596,1.75,1.598560187537786,"colony 3200, 20 mm bridge"
1.798,1.6422,1.9,1.7649309752193014,"colony 3200, 20 mm bridge"
0.884,1.3134000000000001,1.55,1.6323581819097266,"colony 3200, 20 mm bridge"
0.988,1.3039999999999998,1.25,1.466581643916349,"colony 3200, 20 mm bridge"
1.092,1.4058,1.45,1.6166856199190527,"colony 3200, 20 mm bridge"
1.276,1.4163999999999999,1.6,1.7374671640206925,"colony 3200, 20 mm bridge"
1.094,1.3268,1.45,1.4927875316457664,"colony 3200, 20 mm bridge"
0.8,1.1536,1.4,1.4149143979756542,"colony 3200, 20 mm bridge"
1.116,1.462,1.7,1.739180752733557,"colony 3200, 20 mm bridge"
0.71,1.3812,1.35,1.5631420730717605,"colony 3200, 20 mm bridge"
0.914,1.2018,1.5,1.4643001276839658,"colony 3200, 20 mm bridge"
1.176,1.386,1.75,1.5650174889257378,"colony 3200, 20 mm bridge"
1.042,1.6111999999999997,1.8,1.7845794442044953,"colony 3200, 20 mm bridge"
1.03,1.4404,1.8,1.6733140450093789,"colony 3200, 20 mm bridge"
0.812,1.2438,1.2,1.3633174343888592,"colony 3200, 20 mm bridge"
1.276,1.3634,1.4,1.5393099222363638,"colony 3200, 20 mm bridge"
1.038,1.284,1.5,1.5410461656577572,"colony 3200, 20 mm bridge"
0.572,1.0016,1.05,1.1615858237395906,"colony 3200, 20 mm bridge"
1.336,1.484,1.6,1.6678500346360812,"colony 3200, 20 mm bridge"
1.088,1.3906,1.55,1.5682424621936901,"colony 3200, 20 mm bridge"
1.002,1.1126,1.35,1.3157019135016572,"colony 3200, 20 mm bridge"
0.776,1.0294,1.25,1.2600373742589124,"colony 3200, 20 mm bridge"
0.894,1.1578,1.35,1.3834275701469247,"colony 3200, 20 mm bridge"
1.46,1.6149999999999998,1.6,1.8396534940946545,"colony 3200, 20 mm bridge"
1.05,1.2198,1.4,1.4241042952272145,"colony 3200, 20 mm bridge"
0.784,1.3088,1.4,1.5636279186158737,"colony 3200, 20 mm bridge"
1.476,1.85,2.0,2.092664696149189,"colony 3200, 20 mm bridge"
1.544,1.5846,2.05,2.0318308776881047,"colony 3200, 20 mm bridge"
1.122,1.3396000000000001,1.65,1.6672470266829997,"colony 3200, 20 mm bridge"
1.398,1.716,1.9,2.031166915354058,"colony 3200, 20 mm bridge"
1.884,1.6128,1.75,1.8478002225896557,"colony 3200, 20 mm bridge"
1.176,1.3578,1.8,1.7838149415540148,"colony 3200, 20 mm bridge"
1.284,1.5824,1.85,2.005352974588909,"colony 3200, 20 mm bridge"
0.99,1.3394,1.6,1.6969050603333542,"colony 3200, 20 mm bridge"
1.238,1.514,1.8,1.7864549840281276,"colony 3200, 20 mm bridge"
1.402,1.707,2.0,1.9747002366733224,"colony 3200, 20 mm bridge"
1.126,1.2715999999999998,1.6,1.5759413098290704,"colony 3200, 20 mm bridge"
0.94,1.1348,1.3,1.444627605609966,"colony 3200, 20 mm bridge"
0.946,1.3182,1.65,1.5800223303674403,"colony 3200, 20 mm bridge"
0.902,1.1268,1.35,1.493613908368982,"colony 3200, 20 mm bridge"
0.792,0.9922000000000001,1.35,1.3392836911312906,"colony 3200, 20 mm bridge"
0.992,1.3768,1.6,1.7218878499354644,"colony 3200, 20 mm bridge"
1.096,1.326,1.55,1.6700457622044589,"colony 3200, 20 mm bridge"
0.854,1.0051999999999999,1.25,1.420423420347513,"colony 3200, 20 mm bridge"
0.784,0.8545999999999999,1.25,1.172848708629476,"colony 3200, 20 mm bridge"
0.604,0.9682000000000001,1.15,1.168889324419753,"colony 3200, 20 mm bridge"
1.242,1.246,1.25,1.3467252809822494,"colony 3200, 20 mm bridge"
0.72,0.9608000000000001,1.15,1.227449344662003,"colony 3200, 20 mm bridge"
0.812,1.0768,0.85,1.1368525176554598,"colony 3200, 20 mm bridge"
1.486,1.4406,1.85,1.6708173769649273,"colony 3200, 20 mm bridge"
1.042,1.3422,1.45,1.5647034501136892,"colony 3200, 20 mm bridge"
0.646,0.9738,1.1,1.2168018855154963,"colony 3200, 20 mm bridge"
0.86,1.2066000000000001,1.25,1.2002007147041827,"colony 3200, 20 mm bridge"
2.938,2.1538,2.55,2.2150795610229146,"colony 3200, 20 mm bridge"
1.322,1.721,1.8,1.9668380569392914,"colony 3200, 20 mm bridge"
1.012,1.3072,1.55,1.5796446543079663,"colony 3200, 20 mm bridge"
1.464,1.4666000000000001,1.75,1.6926600958074474,"colony 3200, 20 mm bridge"
1.152,1.2208,1.35,1.474262129091846,"colony 3200, 20 mm bridge"
0.946,1.2422,1.4,1.6094378223489902,"colony 3200, 20 mm bridge"
1.046,1.1262,1.55,1.541704427700641,"colony 3200, 20 mm bridge"
1.152,1.3156,1.65,1.7289212133772234,"colony 3200, 20 mm bridge"
1.004,1.0654,1.35,1.4475730670509148,"colony 3200, 20 mm bridge"
1.03,1.334,1.85,1.6840504341595934,"colony 3200, 20 mm bridge"
1.622,1.5058,1.5,1.6211587408480235,"colony 3200, 20 mm bridge"
1.444,1.3800000000000001,1.9,1.7400613322431981,"colony 3200, 20 mm bridge"
1.768,1.6908,2.0,2.1301127160678326,"colony 3200, 20 mm bridge"
0.888,1.168,1.65,1.7099162876795342,"colony 3200, 20 mm bridge"
1.096,1.2454,1.65,1.5855356653986876,"colony 3200, 20 mm bridge"
1.138,1.4312,1.65,1.7759253993250113,"colony 3200, 20 mm bridge"
0.968,1.2024,1.5,1.5352619687345337,"colony 3200, 20 mm bridge"
1.234,1.4218,1.8,1.7722976846571703,"colony 3200, 20 mm bridge"
0.988,1.3458,1.6,1.695502336497413,"colony 3200, 20 mm bridge"
1.186,1.4864000000000002,1.6,1.6781434523916543,"colony 3200, 20 mm bridge"
1.002,1.3820000000000001,1.5,1.5767977398991022,"colony 3200, 20 mm bridge"
1.418,1.7492,1.9,2.138755344000814,"colony 3200, 20 mm bridge"
1.044,1.2286,1.2,1.595199644865292,"colony 3200, 20 mm bridge"
0.946,1.2696,1.35,1.464747885978869,"colony 3200, 20 mm bridge"
1.35,1.6458,1.7,1.8601786749838727,"colony 3200, 20 mm bridge"
1.33,1.5126,1.45,1.7016834059282282,"colony 3200, 20 mm bridge"
1.004,1.5954000000000002,1.6,1.7773888439401244,"colony 3200, 20 mm bridge"
1.314,1.2676,1.55,1.3013632041847476,"colony 3200, 20 mm bridge"
1.556,2.1944,1.85,2.0211572034129675,"colony 3200, 20 mm bridge"
1.632,2.2364,1.85,2.1058290735381986,"colony 3200, 20 mm bridge"
1.404,2.0038,1.95,2.0461111883825938,"colony 3200, 20 mm bridge"
0.982,1.6460000000000001,1.55,1.6643082209647813,"colony 3200, 20 mm bridge"
0.932,1.5337999999999998,1.35,1.5900915120918027,"colony 3200, 20 mm bridge"
1.314,1.8199999999999998,1.6,1.6547288408703715,"colony 3200, 20 mm bridge"
1.992,1.3212,1.15,1.1434419311944861,"colony 3200, 20 mm bridge"
1.104,1.6396000000000002,1.35,1.573550415382448,"colony 3200, 20 mm bridge"
1.366,2.0347999999999997,1.8,1.8001472425196277,"colony 3200, 20 mm bridge"
1.676,2.2692,2.0,2.104517465516102,"colony 3200, 20 mm bridge"
1.152,1.9466,1.9,1.7911689114038587,"colony 3200, 20 mm bridge"
0.996,1.8096,1.5,1.5561347896639257,"colony 3200, 20 mm bridge"
1.072,1.9527999999999999,1.6,1.7314523784078855,"colony 3200, 20 mm bridge"
1.63,1.6904,1.7,1.5411422067535898,"colony 3200, 20 mm bridge"
0.92,1.6826,1.5,1.602943291680611,"colony 3200, 20 mm bridge"
1.18,1.6126,1.65,1.6081300650753654,"colony 3200, 20 mm bridge"
1.2,1.7606000000000002,1.35,1.5197560122636236,"colony 3200, 20 mm bridge"
1.706,2.0096,1.6,1.6397549295347407,"colony 3200, 20 mm bridge"
0.924,1.551,1.15,1.3800415212985222,"colony 3200, 20 mm bridge"
1.13,1.7742,1.6,1.687628841167219,"colony 3200, 20 mm bridge"
0.962,1.5098,1.4,1.463198825965823,"colony 3200, 20 mm bridge"
1.286,1.7404,1.7,1.6625398977558157,"colony 3200, 20 mm bridge"
1.056,1.557,1.6,1.5075361179032145,"colony 3200, 20 mm bridge"
0.758,1.5004,1.35,1.3723967082562565,"colony 3200, 20 mm bridge"
0.72,1.2898,1.2,1.1609519241502577,"colony 3200, 20 mm bridge"
0.924,1.6678000000000002,1.4,1.5384441806034663,"colony 3200, 20 mm bridge"
0.828,1.7666,1.4,1.5009020894221268,"colony 3200, 20 mm bridge"
1.37,1.5238,1.55,1.3776487364748113,"colony 3200, 20 mm bridge"
1.066,1.3788,1.25,1.2360799022623947,"colony 3200, 20 mm bridge"
1.048,1.8210000000000002,1.45,1.646119549261367,"colony 3200, 20 mm bridge"
1.416,1.8412,2.05,1.8385996012188008,"colony 3200, 20 mm bridge"
0.968,1.463,1.4,1.4330082489275617,"colony 3200, 20 mm bridge"
0.57,1.2174,1.15,1.1154891277927474,"colony 3200, 20 mm bridge"
1.008,1.3374000000000001,1.15,1.336299557131905,"colony 3200, 20 mm bridge"
1.128,1.6030000000000002,1.7,1.5702922782826263,"colony 3200, 20 mm bridge"
0.572,1.2167999999999999,1.15,1.280069875758721,"colony 3200, 20 mm bridge"
0.858,1.5234,1.4,1.4678823044044613,"colony 3200, 20 mm bridge"
0.976,1.5736,1.45,1.4180890818754506,"colony 3200, 20 mm bridge"
1.046,1.7526,1.4,1.6150845376966245,"colony 3200, 20 mm bridge"
0.77,1.6827999999999999,1.3,1.5403086771237458,"colony 3200, 20 mm bridge"
1.448,1.7504000000000002,1.3,1.4692787647398082,"colony 3200, 20 mm bridge"
1.122,1.81,1.3,1.5519069209432077,"colony 3200, 20 mm bridge"
0.882,1.7861999999999998,1.65,1.570834736718804,"colony 3200, 20 mm bridge"
1.344,1.9042000000000001,1.6,1.7422531579170057,"colony 3200, 20 mm bridge"
0.958,1.441,1.25,1.3509273226318061,"colony 3200, 20 mm bridge"
1.12,1.303,1.05,1.0146677346382642,"colony 3200, 20 mm bridge"
2.186,1.9724,1.8,1.6659095293286168,"colony 3200, 20 mm bridge"
1.4,1.7844000000000002,1.7,1.6932527096395098,"colony 3200, 20 mm bridge"
1.402,1.4904,1.2,1.3694157408109933,"colony 3200, 20 mm bridge"
1.76,1.3805999999999998,1.4,1.261872106876627,"colony 3200, 20 mm bridge"
1.17,1.5342,1.25,1.263535006648506,"colony 3200, 20 mm bridge"
0.924,1.5672000000000001,1.2,1.4327056789953843,"colony 3200, 20 mm bridge"
1.472,1.5779999999999998,1.85,1.5367463777191457,"colony 3200, 20 mm bridge"
1.154,1.3901999999999999,0.9,1.131799837268428,"colony 3200, 20 mm bridge"
1.77,1.4628,1.35,1.1937990668678082,"colony 3200, 20 mm bridge"
1.38,1.576,1.25,1.413897723778778,"colony 3200, 20 mm bridge"
1.31,1.5417999999999998,1.65,1.4154720214746859,"colony 3200, 20 mm bridge"
1.022,1.544,1.25,1.4711673300943053,"colony 3200, 20 mm bridge"
0.774,1.2638,1.2,1.1750165616473403,"colony 3200, 20 mm bridge"
1.212,1.3206,1.15,1.226699398290169,"colony 3200, 20 mm bridge"
1.114,1.394,1.25,1.1160094204746631,"colony 3200, 20 mm bridge"
1.13,1.7428000000000001,1.25,1.4645160622885596,"colony 3200, 20 mm bridge"
1.12,1.8872,1.2,1.4875642671133393,"colony 3200, 20 mm bridge"
0.83,1.9338000000000002,1.4,1.5880294043390342,"colony 3200, 20 mm bridge"
1.246,1.6780000000000002,1.5,1.4171712904055385,"colony 3200, 20 mm bridge"
0.606,1.2412,0.95,1.122272577019828,"colony 3200, 20 mm bridge"
0.992,1.6684,1.3,1.4491919161757016,"colony 3200, 20 mm bridge"
1.124,1.9796,1.5,1.715658327644984,"colony 3200, 20 mm bridge"
1.486,1.5776,1.65,1.5192967729781786,"colony 3200, 20 mm bridge"
1.182,1.4246,1.25,1.5942514314415654,"colony 3200, 20 mm bridge"
1.106,1.443,1.5,1.627936494375539,"colony 3200, 20 mm bridge"
0.854,1.2109999999999999,1.15,1.2913059004082166,"colony 3200, 20 mm bridge"
0.742,1.1056,0.8,1.1472959944846226,"colony 3200, 20 mm bridge"
1.072,1.3102,1.5,1.4790555598371942,"colony 3200, 20 mm bridge"
1.694,1.4060000000000001,1.6,1.5438117988618385,"colony 3200, 20 mm bridge"
0.62,1.0992000000000002,1.1,1.2862443990468975,"colony 3200, 20 mm bridge"
1.104,1.065,1.25,1.2918295658971477,"colony 3200, 20 mm bridge"
0.938,1.2772000000000001,1.55,1.5171478834642176,"colony 3200, 20 mm bridge"
0.88,1.0582,1.15,1.1803224620087054,"colony 3200, 20 mm bridge"
0.732,1.0994,1.1,1.2057739974816777,"colony 3200, 20 mm bridge"
1.122,1.529,1.65,1.5225196045737814,"colony 3200, 20 mm bridge"
0.852,1.1756,1.15,1.2553774378974765,"colony 3200, 20 mm bridge"
1.064,1.2618,1.5,1.3492897199696838,"colony 3200, 20 mm bridge"
1.044,0.9962,0.8,0.8702045250652788,"colony 3200, 20 mm bridge"
1.668,1.1536,0.75,1.0260769750301943,"colony 3200, 20 mm bridge"
1.556,1.6004,1.15,1.508188410293682,"colony 3200, 20 mm bridge"
0.896,1.2428000000000001,1.0,1.0406445528078596,"colony 3200, 20 mm bridge"
0.748,1.0864,0.9,0.9267090971826144,"colony 3200, 20 mm bridge"
0.834,0.9490000000000001,1.0,0.8790349875361643,"colony 3200, 20 mm bridge"
0.992,1.0528,1.15,1.0892827418023747,"colony 3200, 20 mm bridge"
1.14,1.1634,1.15,1.2439336386315634,"colony 3200, 20 mm bridge"
0.788,1.2206,1.25,1.247622184447178,"colony 3200, 20 mm bridge"
1.314,1.145,1.05,1.0912973846192715,"colony 3200, 20 mm bridge"
0.756,1.2772000000000001,1.25,1.3412956997526841,"colony 3200, 20 mm bridge"
0.68,1.0358,0.85,1.0163066949703856,"colony 3200, 20 mm bridge"
0.78,1.0051999999999999,1.0,1.006230358129997,"colony 3200, 20 mm bridge"
0.64,0.9372,1.0,1.000311146701114,"colony 3200, 20 mm bridge"
0.814,1.0394,1.05,1.216508853928592,"colony 3200, 20 mm bridge"
0.852,1.0131999999999999,1.25,1.1786679424299695,"colony 3200, 20 mm bridge"
0.506,0.7932,0.8,0.8706366993459941,"colony 3200, 20 mm bridge"
0.728,0.9266,1.0,1.0701602604298628,"colony 3200, 20 mm bridge"
0.844,1.3428,1.35,1.3281759218231708,"colony 3200, 20 mm bridge"
0.974,1.2484,1.0,1.2437797493839653,"colony 3200, 20 mm bridge"
1.52,1.3152,1.35,1.255865483222191,"colony 3200, 20 mm bridge"
0.724,1.178,1.1,1.234654739250403,"colony 3200, 20 mm bridge"
0.834,1.207,1.25,1.281191092109915,"colony 3200, 20 mm bridge"
0.864,1.4554,1.35,1.516299670509219,"colony 3200, 20 mm bridge"
0.794,1.2118,1.4,1.3823377195135802,"colony 3200, 20 mm bridge"
1.46,1.3384,1.8,1.4611128868202237,"colony 3200, 20 mm bridge"
0.834,1.266,1.15,1.3558017607562254,"colony 3200, 20 mm bridge"
0.998,1.126,1.25,1.3099377326068447,"colony 3200, 20 mm bridge"
1.026,1.2456,1.45,1.3004687010763782,"colony 3200, 20 mm bridge"
0.93,1.3282,1.55,1.4360190699136388,"colony 3200, 20 mm bridge"
0.524,1.2102,0.95,1.1719187137810272,"colony 3200, 20 mm bridge"
1.052,1.4522,1.25,1.3896114987627513,"colony 3200, 20 mm bridge"
1.47,1.4234,1.1,1.2660684673083282,"colony 3200, 20 mm bridge"
1.472,1.4086,1.15,1.288009550681187,"colony 3200, 20 mm bridge"
2.274,1.6423999999999999,2.1,1.6665056335323012,"colony 3200, 20 mm bridge"
1.24,1.283,1.05,1.232753717006578,"colony 3200, 20 mm bridge"
1.23,1.307,1.35,1.0798609727258472,"colony 3200, 20 mm bridge"
0.674,1.1078,0.95,0.9259537677459719,"colony 3200, 20 mm bridge"
1.354,1.5584,1.45,1.314866813301944,"colony 3200, 20 mm bridge"
1.45,1.366,1.1,1.1512630374399646,"colony 3200, 20 mm bridge"
1.53,1.3672,0.9,1.07691832070833,"colony 3200, 20 mm bridge"
1.648,1.4567999999999999,1.25,1.308052648808216,"colony 3200, 20 mm bridge"
1.892,1.4228,1.4,1.3916884654037893,"colony 3200, 20 mm bridge"
1.268,0.9036,0.9,0.8911941891190601,"colony 3200, 20 mm bridge"
1.846,1.4914,1.35,1.2931263748715331,"colony 3200, 20 mm bridge"
2.158,1.684,1.55,1.5185655680477625,"colony 3200, 20 mm bridge"
2.11,1.5514,1.3,1.4065548878786802,"colony 3200, 20 mm bridge"
2.182,1.2247999999999999,1.2,1.0777567604765848,"colony 3200, 20 mm bridge"
2.154,1.2753999999999999,0.9,0.9402689096045022,"colony 3200, 20 mm bridge"
1.92,1.3362,1.0,1.160147871533842,"colony 3200, 20 mm bridge"
2.004,1.1338,0.95,0.870848432224056,"colony 3200, 20 mm bridge"
1.832,1.1312,0.7,0.9373868096408714,"colony 3200, 20 mm bridge"
1.888,1.1944000000000001,1.05,1.0582585549215837,"colony 3200, 20 mm bridge"
1.99,1.401,1.2,1.236311213319657,"colony 3200, 20 mm bridge"
1.932,1.2186,1.1,1.0450686202056119,"colony 3200, 20 mm bridge"
1.788,1.7352,1.35,1.4245398348608886,"colony 3200, 20 mm bridge"
1.458,1.6263999999999998,1.35,1.2515560988525494,"colony 3200, 20 mm bridge"
0.884,1.5353999999999999,1.15,1.2120939203936876,"colony 3200, 20 mm bridge"
0.648,1.6734000000000002,1.0,1.2312667697006698,"colony 3200, 20 mm bridge"
0.882,1.6984000000000001,1.25,1.3280815642207895,"colony 3200, 20 mm bridge"
0.962,1.6634,1.25,1.2792055492938135,"colony 3200, 20 mm bridge"
1.016,1.5638,1.45,1.1804534201049106,"colony 3200, 20 mm bridge"
0.58,1.4682,0.9,1.0245196077836038,"colony 3200, 20 mm bridge"
1.054,1.592,0.95,1.0826746304897288,"colony 3200, 20 mm bridge"
0.576,1.4103999999999999,0.75,0.8599201142383979,"colony 3200, 20 mm bridge"
0.486,1.232,0.75,0.821047959753616,"colony 3200, 20 mm bridge"
0.53,1.4236,0.75,0.9163875024257133,"colony 3200, 20 mm bridge"
1.198,1.7655999999999998,1.25,1.2035092506593288,"colony 3200, 20 mm bridge"
0.528,1.4782,0.85,1.0985985052363507,"colony 3200, 20 mm bridge"
0.992,1.834,1.1,1.2329710655593649,"colony 3200, 20 mm bridge"
1.056,1.7228,0.85,1.1994752767523624,"colony 3200, 20 mm bridge"
0.984,1.4789999999999999,0.85,1.0176306140366485,"colony 3200, 20 mm bridge"
0.91,1.5676,1.1,1.300294844102028,"colony 3200, 20 mm bridge"
0.582,1.197,0.85,0.9507519817310321,"colony 3200, 20 mm bridge"
0.914,1.4082000000000001,1.0,1.1721282777888187,"colony 3200, 20 mm bridge"
1.186,1.3266,1.35,1.1610854562002713,"colony 3200, 20 mm bridge"
1.736,1.5496,1.45,1.3617219055630267,"colony 3200, 20 mm bridge"
1.568,1.5657999999999999,1.4,1.3860697104301465,"colony 3200, 20 mm bridge"
1.428,1.738,1.2,1.4898461324560817,"colony 3200, 20 mm bridge"
0.944,1.4138,1.0,1.1032809053783423,"colony 3200, 20 mm bridge"
1.174,1.417,0.8,1.0313814811537718,"colony 3200, 20 mm bridge"
2.036,1.9414000000000002,1.35,1.5249744912604775,"colony 3200, 20 mm bridge"
2.61,1.9788000000000001,1.65,1.743980709271546,"colony 3200, 20 mm bridge"
1.446,1.2668,0.95,1.1200130748917951,"colony 3200, 20 mm bridge"
2.794,1.7893999999999999,1.75,1.606994901978037,"colony 3200, 20 mm bridge"
1.732,1.4898,1.1,1.1649072677097387,"colony 3200, 20 mm bridge"
0.796,1.1865999999999999,0.9,0.9143444576046792,"colony 3200, 20 mm bridge"
0.414,1.1234,0.75,0.8249580248926819,"colony 3200, 20 mm bridge"
1.02,1.162,0.7,0.9615696167388778,"colony 3200, 20 mm bridge"
1.418,1.4654,1.1,1.23003223540501,"colony 3200, 20 mm bridge"
1.662,1.7304,1.55,1.5179354572451644,"colony 3200, 20 mm bridge"
0.86,1.558,1.2,1.2894675206444084,"colony 3200, 20 mm bridge"
0.498,1.3374000000000001,0.8,1.0795837932135175,"colony 3200, 20 mm bridge"
0.094,0.11140000000000001,0.1,0.09315463801827611,"colony 12800, 20 mm bridge"
0.102,0.19019999999999998,0.05,0.13271307659520248,"colony 12800, 20 mm bridge"
0.4,0.48200000000000004,0.3,0.3392547602904692,"colony 12800, 20 mm bridge"
0.982,0.7372,0.7,0.527246146955926,"colony 12800, 20 mm bridge"
1.044,1.1648,0.75,0.7549656640644009,"colony 12800, 20 mm bridge"
1.82,1.3952,1.1,0.9080289603028905,"colony 12800, 20 mm bridge"
2.78,3.1452,1.2,2.5756770575138175,"colony 12800, 20 mm bridge"
3.48,3.0431999999999997,1.8,2.7705296684838356,"colony 12800, 20 mm bridge"
3.04,3.3592,1.55,2.823363572966802,"colony 12800, 20 mm bridge"
4.038,3.2765999999999997,1.9,2.4154008409039656,"colony 12800, 20 mm bridge"
4.052,4.0636,1.7,2.7860640723468526,"colony 12800, 20 mm bridge"
3.996,4.2905999999999995,2.5,2.9710762132082498,"colony 12800, 20 mm bridge"
2.972,3.2916,2.2,2.7568736630555106,"colony 12800, 20 mm bridge"
1.926,2.3908,1.6,2.048651307257187,"colony 12800, 20 mm bridge"
1.684,2.0512,1.65,1.9487681388910858,"colony 12800, 20 mm bridge"
2.286,2.397,2.3,2.3805615555891437,"colony 12800, 20 mm bridge"
1.506,1.4294,1.5,1.6289036743200376,"colony 12800, 20 mm bridge"
1.682,1.5668,1.85,1.7852647911072923,"colony 12800, 20 mm bridge"
2.448,2.2496,2.15,2.1678014502844856,"colony 12800, 20 mm bridge"
2.162,2.153,2.35,2.3368670430299368,"colony 12800, 20 mm bridge"
1.592,1.9388,2.05,2.1284968667773745,"colony 12800, 20 mm bridge"
2.108,2.2856,2.7,2.581832410395032,"colony 12800, 20 mm bridge"
2.122,2.243,2.65,2.503228439663182,"colony 12800, 20 mm bridge"
1.83,2.1784,2.15,2.439296174155448,"colony 12800, 20 mm bridge"
2.128,2.3466,2.65,2.6220184020282242,"colony 12800, 20 mm bridge"
2.43,2.3848,3.0,2.925422578840212,"colony 12800, 20 mm bridge"
2.372,2.7308,3.15,3.1168646037861705,"colony 12800, 20 mm bridge"
2.724,2.7838000000000003,3.15,3.000969369774572,"colony 12800, 20 mm bridge"
3.38,3.1884,3.4,3.3547663673049,"colony 12800, 20 mm bridge"
3.06,2.7912,3.25,3.1480868757518414,"colony 12800, 20 mm bridge"
2.702,2.7338,3.2,3.0700604425025393,"colony 12800, 20 mm bridge"
3.368,3.4406,3.8,3.6155628826394683,"colony 12800, 20 mm bridge"
3.788,3.8613999999999997,4.2,4.046903315574762,"colony 12800, 20 mm bridge"
2.306,2.822,3.05,3.1912329663495713,"colony 12800, 20 mm bridge"
3.16,3.5122,3.95,3.8348595733376096,"colony 12800, 20 mm bridge"
3.786,3.3578,3.65,3.6074759600014716,"colony 12800, 20 mm bridge"
2.4,2.9092,2.95,3.151313097718598,"colony 12800, 20 mm bridge"
3.278,3.7704,4.05,3.7300482625576166,"colony 12800, 20 mm bridge"
2.898,3.3240000000000003,3.35,3.3407631780251963,"colony 12800, 20 mm bridge"
2.696,3.05,3.2,3.080040445137758,"colony 12800, 20 mm bridge"
3.79,3.2616,3.75,3.364358858661536,"colony 12800, 20 mm bridge"
2.332,3.0076,2.95,3.117183621032309,"colony 12800, 20 mm bridge"
2.664,3.2592,3.5,3.4615325271974946,"colony 12800, 20 mm bridge"
3.252,3.6488,4.0,3.926373020723331,"colony 12800, 20 mm bridge"
2.708,3.5241999999999996,3.75,3.8256585915430255,"colony 12800, 20 mm bridge"
2.732,3.4564,4.15,4.104223930747893,"colony 12800, 20 mm bridge"
2.21,2.7276,3.2,3.272803759880615,"colony 12800, 20 mm bridge"
2.41,2.5262000000000002,3.1,3.061625445939309,"colony 12800, 20 mm bridge"
3.208,3.0678,3.85,3.7634521809571324,"colony 12800, 20 mm bridge"
3.46,3.7421999999999995,4.35,4.196342719266448,"colony 12800, 20 mm bridge"
2.746,3.2606,3.3,3.4526116287614625,"colony 12800, 20 mm bridge"
2.684,3.3954,3.55,3.5632743494275316,"colony 12800, 20 mm bridge"
4.154,4.0200000000000005,4.55,4.024665119491561,"colony 12800, 20 mm bridge"
2.368,3.3183999999999996,3.25,3.4088161987219787,"colony 12800, 20 mm bridge"
5.46,4.442,4.2,4.1978948257024475,"colony 12800, 20 mm bridge"
4.434,4.005599999999999,4.35,3.9742288069626244,"colony 12800, 20 mm bridge"
3.646,3.5368000000000004,3.6,3.501332951256745,"colony 12800, 20 mm bridge"
3.358,3.3240000000000003,3.55,3.5070704777750668,"colony 12800, 20 mm bridge"
3.152,2.984,3.3,3.105591582243763,"colony 12800, 20 mm bridge"
3.52,3.5951999999999997,3.6,3.653709990629307,"colony 12800, 20 mm bridge"
4.228,3.9884,4.15,4.056843421659525,"colony 12800, 20 mm bridge"
3.886,3.7952,4.15,3.9761089355942114,"colony 12800, 20 mm bridge"
3.296,3.6698,3.45,3.6185982436907547,"colony 12800, 20 mm bridge"
4.622,3.724,4.25,3.65309344802758,"colony 12800, 20 mm bridge"
3.604,3.5536000000000003,3.7,3.542977955975336,"colony 12800, 20 mm bridge"
2.68,2.9316,3.0,3.2326197448742393,"colony 12800, 20 mm bridge"
2.928,3.1172,3.95,3.5498068441251656,"colony 12800, 20 mm bridge"
2.718,2.9274,3.3,3.288804982359181,"colony 12800, 20 mm bridge"
2.908,3.1936,3.45,3.5228509758562945,"colony 12800, 20 mm bridge"
3.0,3.4659999999999997,3.8,3.669336924973501,"colony 12800, 20 mm bridge"
3.438,3.3546,3.45,3.473703609126223,"colony 12800, 20 mm bridge"
2.896,3.2462000000000004,3.1,3.3918190684015177,"colony 12800, 20 mm bridge"
2.732,3.1258,3.45,3.407618547101416,"colony 12800, 20 mm bridge"
2.694,3.0342,3.4,3.3120836983282755,"colony 12800, 20 mm bridge"
3.516,3.6072,3.75,3.614269513370254,"colony 12800, 20 mm bridge"
3.15,3.7892,3.8,3.885814333317951,"colony 12800, 20 mm bridge"
2.634,3.2156,3.5,3.5304646422697847,"colony 12800, 20 mm bridge"
3.22,3.2084,3.5,3.4186650236690794,"colony 12800, 20 mm bridge"
2.812,4.0182,3.45,3.7090875335172244,"colony 12800, 20 mm bridge"
2.798,4.0524000000000004,3.7,3.7012671109955817,"colony 12800, 20 mm bridge"
3.608,3.5206000000000004,3.5,3.398086719485952,"colony 12800, 20 mm bridge"
3.284,4.0064,4.1,3.9281606706484253,"colony 12800, 20 mm bridge"
3.458,3.7020000000000004,3.9,3.697708170746479,"colony 12800, 20 mm bridge"
3.228,2.9272,3.3,3.1218662395549974,"colony 12800, 20 mm bridge"
2.034,2.7245999999999997,2.85,2.9203215357099515,"colony 12800, 20 mm bridge"
3.886,3.45,3.5,3.5330721504027895,"colony 12800, 20 mm bridge"
2.542,2.9926,3.2,3.162607341777847,"colony 12800, 20 mm bridge"
3.008,3.131,3.4,3.3478897662375067,"colony 12800, 20 mm bridge"
2.822,2.9936,3.05,3.071256565422987,"colony 12800, 20 mm bridge"
3.196,3.1412,3.35,3.2436403467437445,"colony 12800, 20 mm bridge"
4.296,3.0774,3.4,3.3238497460135243,"colony 12800, 20 mm bridge"
3.69,3.0072,3.2,3.1316016682734458,"colony 12800, 20 mm bridge"
3.814,3.3781999999999996,3.65,3.4720583139270023,"colony 12800, 20 mm bridge"
3.872,3.4136,3.9,3.7279768304592653,"colony 12800, 20 mm bridge"
3.53,3.0642,3.5,3.4039758824408377,"colony 12800, 20 mm bridge"
3.602,2.7616,2.8,2.786275852731792,"colony 12800, 20 mm bridge"
4.106,3.0916,3.5,3.0425461779127883,"colony 12800, 20 mm bridge"
5.02,3.4646,3.65,3.3798784226936887,"colony 12800, 20 mm bridge"
3.94,2.8916,2.9,2.9085943780160495,"colony 12800, 20 mm bridge"
4.424,3.045,3.55,3.086655995897942,"colony 12800, 20 mm bridge"
3.48,2.9598,3.25,3.230950596859756,"colony 12800, 20 mm bridge"
3.174,2.8728000000000002,3.0,3.2082000002309456,"colony 12800, 20 mm bridge"
3.43,3.5628,3.6,3.532408491136288,"colony 12800, 20 mm bridge"
2.924,2.9448,3.1,3.0366745146021237,"colony 12800, 20 mm bridge"
3.25,3.415,3.55,3.6672839049228703,"colony 12800, 20 mm bridge"
2.852,3.1884,3.5,3.4741160717009594,"colony 12800, 20 mm bridge"
3.808,3.304,3.75,3.2956653036083865,"colony 12800, 20 mm bridge"
2.3,2.3984,2.55,2.711373431312459,"colony 12800, 20 mm bridge"
3.282,2.7664,3.15,2.9773247171037824,"colony 12800, 20 mm bridge"
3.046,2.9698,3.45,3.131076999458726,"colony 12800, 20 mm bridge"
2.618,2.652,2.7,2.81159728481453,"colony 12800, 20 mm bridge"
4.074,3.1626000000000003,3.5,3.284876027831026,"colony 12800, 20 mm bridge"
3.04,3.1346,3.25,3.247242820782871,"colony 12800, 20 mm bridge"
3.348,3.6968000000000005,3.85,3.803814347541735,"colony 12800, 20 mm bridge"
3.112,3.3134,3.75,3.567420567296511,"colony 12800, 20 mm bridge"
2.402,2.8428,2.7,2.8993043974242885,"colony 12800, 20 mm bridge"
1.99,2.6304,2.5,2.639111606703525,"colony 12800, 20 mm bridge"
3.138,2.9522,3.65,3.264890758503719,"colony 12800, 20 mm bridge"
1.984,3.0788,2.75,3.2335459582945454,"colony 12800, 20 mm bridge"
2.844,2.9762,3.25,3.1508613634297093,"colony 12800, 20 mm bridge"
4.892,4.1904,4.2,3.948214585457742,"colony 12800, 20 mm bridge"
3.45,3.2792000000000003,3.45,3.4292914823367626,"colony 12800, 20 mm bridge"
2.4,2.5566,2.85,2.9967200075357736,"colony 12800, 20 mm bridge"
3.136,3.1246,3.3,3.225119449802889,"colony 12800, 20 mm bridge"
2.536,2.7312000000000003,2.95,2.9418311453236474,"colony 12800, 20 mm bridge"
2.568,2.8774,3.4,3.2295554748345388,"colony 12800, 20 mm bridge"
2.752,2.8058,2.9,2.9624601964615658,"colony 12800, 20 mm bridge"
2.446,3.034,3.2,3.2809166242059065,"colony 12800, 20 mm bridge"
2.522,2.8292,3.3,2.9332734892818086,"colony 12800, 20 mm bridge"
2.444,3.0032,3.05,3.089191153122296,"colony 12800, 20 mm bridge"
3.04,3.2898000000000005,3.45,3.276966458390573,"colony 12800, 20 mm bridge"
2.864,3.3101999999999996,3.45,3.4862868740320234,"colony 12800, 20 mm bridge"
2.456,2.5566,2.85,2.8124113536387743,"colony 12800, 20 mm bridge"
3.248,3.226,3.2,3.3753979450625775,"colony 12800, 20 mm bridge"
3.626,3.5334000000000003,3.65,3.537541249779591,"colony 12800, 20 mm bridge"
2.45,2.6308,2.8,2.798864033396669,"colony 12800, 20 mm bridge"
3.036,3.0192,3.1,3.059847972801141,"colony 12800, 20 mm bridge"
3.2,2.6734,2.85,2.6989890404514636,"colony 12800, 20 mm bridge"
3.488,2.7824,3.35,2.888896175705964,"colony 12800, 20 mm bridge"
2.268,2.5108,2.5,2.649704753526448,"colony 12800, 20 mm bridge"
2.688,2.7402,3.0,2.916496154044988,"colony 12800, 20 mm bridge"
1.664,1.9064,1.95,2.08316908328746,"colony 12800, 20 mm bridge"
2.94,2.9248000000000003,3.2,3.00757166434249,"colony 12800, 20 mm bridge"
2.822,3.2725999999999997,3.1,3.420448577197249,"colony 12800, 20 mm bridge"
2.426,2.5116,2.9,2.7303810500703474,"colony 12800, 20 mm bridge"
2.912,2.9434,3.4,3.2421332685274806,"colony 12800, 20 mm bridge"
2.506,2.6074,2.95,2.903545313285707,"colony 12800, 20 mm bridge"
2.184,2.7276,2.75,2.8427661721473014,"colony 12800, 20 mm bridge"
2.71,3.05,3.4,3.352875113109264,"colony 12800, 20 mm bridge"
1.798,2.3922,2.4,2.50650034620817,"colony 12800, 20 mm bridge"
2.976,2.5256,3.05,2.774760984602762,"colony 12800, 20 mm bridge"
2.736,2.382,2.9,2.6590640483792005,"colony 12800, 20 mm bridge"
2.2,2.332,2.45,2.528873011066908,"colony 12800, 20 mm bridge"
3.358,2.911,3.45,3.0602589753531726,"colony 12800, 20 mm bridge"
3.286,3.2476,3.3,3.3526241308450473,"colony 12800, 20 mm bridge"
3.032,2.9946,3.3,3.1385171615833456,"colony 12800, 20 mm bridge"
2.338,2.3672,2.55,2.515443242147668,"colony 12800, 20 mm bridge"
2.352,3.2256,3.0,3.3206110357522167,"colony 12800, 20 mm bridge"
3.488,3.3128,3.65,3.5232381329350613,"colony 12800, 20 mm bridge"
2.678,2.9690000000000003,3.1,3.0751712728618616,"colony 12800, 20 mm bridge"
2.534,2.769,3.15,2.900123706268609,"colony 12800, 20 mm bridge"
3.32,3.1422,3.55,3.3408748708709965,"colony 12800, 20 mm bridge"
2.41,2.5664000000000002,3.0,2.754883172024455,"colony 12800, 20 mm bridge"
2.442,2.3616,2.3,2.5104353087158113,"colony 12800, 20 mm bridge"
2.162,2.3342,2.3,2.4079547538385766,"colony 12800, 20 mm bridge"
2.704,2.4582,2.75,2.6712155347623563,"colony 12800, 20 mm bridge"
1.65,2.3216,2.25,2.526780116462526,"colony 12800, 20 mm bridge"
3.408,2.4184,2.55,2.5246027203651544,"colony 12800, 20 mm bridge"
4.2,3.3194000000000004,3.9,3.3005258130589032,"colony 12800, 20 mm bridge"
1.916,2.3858,2.1,2.48979404359041,"colony 12800, 20 mm bridge"
2.538,3.0949999999999998,3.3,3.1375276495149755,"colony 12800, 20 mm bridge"
3.778,3.5858,3.95,3.64805758592812,"colony 12800, 20 mm bridge"
3.546,3.4722,3.5,3.444101610282417,"colony 12800, 20 mm bridge"
3.6,2.9334,3.5,3.059115436451218,"colony 12800, 20 mm bridge"
3.052,2.7876000000000003,2.75,2.780713746819322,"colony 12800, 20 mm bridge"
2.438,2.2856,2.25,2.4527433539121124,"colony 12800, 20 mm bridge"
2.932,2.4739999999999998,2.4,2.4423262608958503,"colony 12800, 20 mm bridge"
2.854,2.7108,2.65,2.7316301768666635,"colony 12800, 20 mm bridge"
2.858,3.0452000000000004,2.85,2.9746511945643896,"colony 12800, 20 mm bridge"
2.81,2.5796,2.6,2.548219489582123,"colony 12800, 20 mm bridge"
3.414,2.8244,2.75,2.6859674961739355,"colony 12800, 20 mm bridge"
3.556,2.9539999999999997,3.0,2.868389169787205,"colony 12800, 20 mm bridge"
3.322,2.5008,2.8,2.7102774163231684,"colony 12800, 20 mm bridge"
2.732,2.6132,2.55,2.67754281111007,"colony 12800, 20 mm bridge"
3.29,2.8082000000000003,2.9,2.638358988762574,"colony 12800, 20 mm bridge"
2.828,2.7232,2.6,2.628490378389813,"colony 12800, 20 mm bridge"
4.318,3.103,3.35,3.204718485552651,"colony 12800, 20 mm bridge"
3.392,2.907,2.7,2.9430238220356277,"colony 12800, 20 mm bridge"
3.75,2.5076,3.0,2.6970354808286374,"colony 12800, 20 mm bridge"
2.396,1.8062,2.15,1.9432892391772847,"colony 12800, 20 mm bridge"
3.108,2.3316,2.55,2.492689137575988,"colony 12800, 20 mm bridge"
2.644,2.1428000000000003,2.5,2.365160957871506,"colony 12800, 20 mm bridge"
2.906,2.4219999999999997,2.7,2.7508145404216022,"colony 12800, 20 mm bridge"
2.96,2.4916,2.75,2.535187942089054,"colony 12800, 20 mm bridge"
3.176,2.6972,2.95,2.8442330968522014,"colony 12800, 20 mm bridge"
2.94,2.6672000000000002,2.85,2.8743303432594325,"colony 12800, 20 mm bridge"
3.148,2.7643999999999997,3.1,2.9809990894422804,"colony 12800, 20 mm bridge"
2.98,2.5098,2.8,2.7208313193202804,"colony 12800, 20 mm bridge"
2.842,2.32,2.85,2.642484038449506,"colony 12800, 20 mm bridge"
2.48,2.0972,2.25,2.143196963808883,"colony 12800, 20 mm bridge"
3.31,2.731,2.95,2.923532220819477,"colony 12800, 20 mm bridge"
2.272,2.2468,2.15,2.4020684963435506,"colony 12800, 20 mm bridge"
3.74,2.9134,3.4,3.06599745939762,"colony 12800, 20 mm bridge"
3.18,3.0284,3.15,3.009485064918491,"colony 12800, 20 mm bridge"
2.572,2.3936,2.45,2.5412683198460857,"colony 12800, 20 mm bridge"
2.95,2.3202000000000003,2.7,2.4855927087400813,"colony 12800, 20 mm bridge"
2.728,2.5103999999999997,2.25,2.488627426860431,"colony 12800, 20 mm bridge"
4.058,3.5054000000000003,3.55,3.4070559272697225,"colony 12800, 20 mm bridge"
2.918,2.5116,2.95,2.5498111574212454,"colony 12800, 20 mm bridge"
2.71,2.1566,2.3,2.2172037548515586,"colony 12800, 20 mm bridge"
2.99,2.6898,2.7,2.7075074332455333,"colony 12800, 20 mm bridge"
3.326,2.6548,3.1,2.8136656905003314,"colony 12800, 20 mm bridge"
2.276,1.9224,2.2,2.20265725200493,"colony 12800, 20 mm bridge"
3.164,2.4172000000000002,2.75,2.6150536047738018,"colony 12800, 20 mm bridge"
2.744,2.3297999999999996,2.45,2.3677101845284945,"colony 12800, 20 mm bridge"
2.938,2.6508,2.7,2.767252801619952,"colony 12800, 20 mm bridge"
2.226,1.7934,1.95,1.9132982894114807,"colony 12800, 20 mm bridge"
2.368,2.2207999999999997,2.05,2.2593250542022605,"colony 12800, 20 mm bridge"
2.618,2.1816,2.45,2.151405278817026,"colony 12800, 20 mm bridge"
4.098,3.5061999999999998,3.4,3.141465558394986,"colony 12800, 20 mm bridge"
2.956,2.9050000000000002,2.65,2.757514369101685,"colony 12800, 20 mm bridge"
2.332,2.255,2.65,2.151786974608849,"colony 12800, 20 mm bridge"
3.074,2.6626000000000003,2.75,2.5407844568235696,"colony 12800, 20 mm bridge"
1.836,2.4262,2.45,2.5125979836029715,"colony 12800, 20 mm bridge"
2.314,2.3218,2.4,2.328079215354023,"colony 12800, 20 mm bridge"
1.658,2.0908,1.95,2.094822614663218,"colony 12800, 20 mm bridge"
2.828,2.9394,2.75,2.766186380427903,"colony 12800, 20 mm bridge"
2.906,2.9644,2.9,2.8108856185343716,"colony 12800, 20 mm bridge"
2.366,2.8454,2.75,2.592885800731869,"colony 12800, 20 mm bridge"
2.708,3.4226,2.95,3.049398336439032,"colony 12800, 20 mm bridge"
3.112,3.1074,2.8,2.7097710411119205,"colony 12800, 20 mm bridge"
3.334,3.3628,3.25,3.084676786054243,"colony 12800, 20 mm bridge"
2.376,3.0602,2.75,2.7822571921931347,"colony 12800, 20 mm bridge"
2.222,2.6681999999999997,2.65,2.5196802670488165,"colony 12800, 20 mm bridge"
1.75,2.1558,2.0,2.0830744132861754,"colony 12800, 20 mm bridge"
1.736,1.8454000000000002,1.7,1.7529152232697727,"colony 12800, 20 mm bridge"
1.28,1.818,1.6,1.8379421110156153,"colony 12800, 20 mm bridge"
2.186,2.3706,2.75,2.410081928223214,"colony 12800, 20 mm bridge"
1.666,2.0198,2.2,2.246408340143041,"colony 12800, 20 mm bridge"
1.652,2.1666,2.3,2.326907938036622,"colony 12800, 20 mm bridge"
2.144,2.1612,2.1,2.168249315588585,"colony 12800, 20 mm bridge"
2.83,2.1666,2.6,2.093266650241781,"colony 12800, 20 mm bridge"
2.584,2.8802,2.7,2.676430031928794,"colony 12800, 20 mm bridge"
2.67,2.779,2.65,2.504358742498465,"colony 12800, 20 mm bridge"
2.396,2.9422,2.65,2.6591040329793314,"colony 12800, 20 mm bridge"
2.63,2.4032,2.35,2.3789251087635916,"colony 12800, 20 mm bridge"
2.63,2.3142,2.4,2.2243304962587827,"colony 12800, 20 mm bridge"
1.788,2.1963999999999997,2.1,2.219507977834081,"colony 12800, 20 mm bridge"
2.004,2.2640000000000002,2.4,2.3567440658367236,"colony 12800, 20 mm bridge"
1.974,2.0172,2.2,2.0878821537007592,"colony 12800, 20 mm bridge"
2.062,2.4704,2.4,2.465124072917179,"colony 12800, 20 mm bridge"
2.298,2.5792,2.65,2.5894553068843322,"colony 12800, 20 mm bridge"
2.212,2.424,2.5,2.4915389405484176,"colony 12800, 20 mm bridge"
2.15,2.2096,2.2,2.149422355927783,"colony 12800, 20 mm bridge"
2.686,2.5263999999999998,2.25,2.3947649908886506,"colony 12800, 20 mm bridge"
3.17,2.3166,2.3,2.1976232321654505,"colony 12800, 20 mm bridge"
3.634,2.4248000000000003,3.45,2.3632341116443043,"colony 12800, 20 mm bridge"
3.02,2.1084,2.2,2.050336297282436,"colony 12800, 20 mm bridge"
3.976,2.4622,2.55,2.4455277140292537,"colony 12800, 20 mm bridge"
3.25,2.565,2.25,2.155354002857127,"colony 12800, 20 mm bridge"
3.584,3.2196,3.0,2.701134254144213,"colony 12800, 20 mm bridge"
2.906,3.0268,3.0,3.0716847098506666,"colony 12800, 20 mm bridge"
3.074,2.4074,2.45,2.332378459423242,"colony 12800, 20 mm bridge"
2.402,2.128,2.3,2.201450513305633,"colony 12800, 20 mm bridge"
2.136,2.3602,2.55,2.3683392911790646,"colony 12800, 20 mm bridge"
1.698,1.9748,1.9,2.017366482959256,"colony 12800, 20 mm bridge"
2.632,2.7438,2.7,2.561247637651996,"colony 12800, 20 mm bridge"
2.02,2.7998000000000003,2.2,2.6220702454883305,"colony 12800, 20 mm bridge"
3.712,2.7925999999999997,2.8,2.569692393620687,"colony 12800, 20 mm bridge"
2.218,2.1358,1.85,1.9808154626392998,"colony 12800, 20 mm bridge"
2.842,2.3888000000000003,2.2,2.1794930411019022,"colony 12800, 20 mm bridge"
4.294,2.9376,3.05,2.67885255455281,"colony 12800, 20 mm bridge"
1.818,2.2364,1.95,2.169500834304515,"colony 12800, 20 mm bridge"
2.266,2.4412,2.1,2.2141783895932092,"colony 12800, 20 mm bridge"
3.094,3.0946000000000002,2.5,2.6771705608892558,"colony 12800, 20 mm bridge"
2.83,3.1894,2.9,2.7807419501448307,"colony 12800, 20 mm bridge"
2.258,2.1816,2.2,2.1380828677001884,"colony 12800, 20 mm bridge"
1.4,1.8489999999999998,1.7,1.7228305424431514,"colony 12800, 20 mm bridge"
1.44,2.0892,1.85,1.9847090833220014,"colony 12800, 20 mm bridge"
2.48,2.3484000000000003,1.9,1.9619350416330803,"colony 12800, 20 mm bridge"
3.138,2.6238,2.45,2.196759070119561,"colony 12800, 20 mm bridge"
2.954,2.7338,2.5,2.405270023034333,"colony 12800, 20 mm bridge"
2.658,2.6312,2.8,2.3575650568679096,"colony 12800, 20 mm bridge"
1.676,2.1271999999999998,1.9,2.0387070951245065,"colony 12800, 20 mm bridge"
1.948,2.0254000000000003,2.05,2.048783895388787,"colony 12800, 20 mm bridge"
1.35,1.5088,1.75,1.7382822420884474,"colony 12800, 20 mm bridge"
1.696,1.9106,1.95,1.9972821486691326,"colony 12800, 20 mm bridge"
2.662,2.7554,2.85,2.7390427787833325,"colony 12800, 20 mm bridge"
2.46,2.1706,2.25,2.261398765240595,"colony 12800, 20 mm bridge"
1.966,2.0116,2.0,2.0384915844849436,"colony 12800, 20 mm bridge"
1.426,1.5224,1.55,1.703962311494198,"colony 12800, 20 mm bridge"
1.518,1.814,1.95,1.9248756175364432,"colony 12800, 20 mm bridge"
1.956,1.8536000000000001,2.35,1.934186245903416,"colony 12800, 20 mm bridge"
1.806,1.7193999999999998,1.6,1.7086477475628303,"colony 12800, 20 mm bridge"
2.7,2.0274,1.65,1.7946986284260662,"colony 12800, 20 mm bridge"
3.62,2.2508,2.35,2.063824432216231,"colony 12800, 20 mm bridge"
3.102,2.2816,1.95,2.132723025414278,"colony 12800, 20 mm bridge"
2.896,2.5048,2.05,2.204405559875172,"colony 12800, 20 mm bridge"
2.726,2.3342,2.1,2.2342437395238512,"colony 12800, 20 mm bridge"
2.316,1.7899999999999998,1.65,1.72948276709372,"colony 12800, 20 mm bridge"
3.452,2.5064,2.7,2.3216363063517345,"colony 12800, 20 mm bridge"
2.482,2.1226,1.85,1.9464269169550505,"colony 12800, 20 mm bridge"
3.378,2.0718,1.95,1.7646628546865764,"colony 12800, 20 mm bridge"
3.91,2.6420000000000003,2.4,2.299456276968269,"colony 12800, 20 mm bridge"
3.398,2.5534,2.15,2.2210293600421793,"colony 12800, 20 mm bridge"
2.91,2.3272,1.95,2.0231874205821887,"colony 12800, 20 mm bridge"
2.998,2.5468,2.2,2.0672948576006087,"colony 12800, 20 mm bridge"
2.142,1.9228,1.35,1.6090751262454879,"colony 12800, 20 mm bridge"
3.488,2.3868,1.95,1.7661604927608041,"colony 12800, 20 mm bridge"
3.728,2.4238,2.0,2.0505021438878477,"colony 12800, 20 mm bridge"
4.308,2.1239999999999997,1.75,1.6275927873884177,"colony 12800, 20 mm bridge"
4.846,2.45,1.75,1.8039999645559073,"colony 12800, 20 mm bridge"
5.082,2.3798,2.15,1.78368010411582,"colony 12800, 20 mm bridge"
5.22,2.7296,1.95,2.039233171513026,"colony 12800, 20 mm bridge"
5.696,3.0784,2.55,2.3203028960548733,"colony 12800, 20 mm bridge"
3.934,2.8448,2.55,2.307368445166476,"colony 12800, 20 mm bridge"
4.156,3.073,2.55,2.4841345869834965,"colony 12800, 20 mm bridge"
3.712,2.4268,1.75,1.818648754199653,"colony 12800, 20 mm bridge"
2.948,2.2266,1.6,1.6961010666208778,"colony 12800, 20 mm bridge"
3.068,2.4282,1.85,1.8422339020023994,"colony 12800, 20 mm bridge"
4.126,2.746,2.15,1.796215104456281,"colony 12800, 20 mm bridge"
4.388,3.1288,2.5,2.103372757236357,"colony 12800, 20 mm bridge"
4.39,2.8428,2.0,1.8542902664539562,"colony 12800, 20 mm bridge"
3.008,2.4572,1.45,1.6862945826746314,"colony 12800, 20 mm bridge"
3.336,2.4812000000000003,1.8,1.6645674004821718,"colony 12800, 20 mm bridge"
2.752,2.428,1.6,1.6681519322372174,"colony 12800, 20 mm bridge"
2.608,2.3852,1.85,1.856034199433356,"colony 12800, 20 mm bridge"
3.194,2.4688,2.2,2.109609284358027,"colony 12800, 20 mm bridge"
2.71,2.1726,1.9,1.8849182239364008,"colony 12800, 20 mm bridge"
3.226,2.6955999999999998,2.55,2.2535755588463084,"colony 12800, 20 mm bridge"
1.604,2.1064,1.6,1.8327031679546326,"colony 12800, 20 mm bridge"
2.704,2.4326,1.9,2.031787775305068,"colony 12800, 20 mm bridge"
2.696,1.9142,2.15,1.70595298970526,"colony 12800, 20 mm bridge"
3.226,2.294,1.8,1.9156762729874086,"colony 12800, 20 mm bridge"
3.648,2.695,2.35,2.3250978719619972,"colony 12800, 20 mm bridge"
2.084,2.2004,1.7,1.7438568646482568,"colony 12800, 20 mm bridge"
2.336,1.8303999999999998,1.75,1.6465267327558992,"colony 12800, 20 mm bridge"
2.414,1.9632,1.75,1.6599317074176605,"colony 12800, 20 mm bridge"
1.598,1.9213999999999998,1.6,1.6336288971796475,"colony 12800, 20 mm bridge"
1.998,1.8966,1.55,1.6415606560776117,"colony 12800, 20 mm bridge"
3.18,2.1436,2.15,1.8785779206501794,"colony 12800, 20 mm bridge"
1.73,2.2058,2.05,2.0797399981623417,"colony 12800, 20 mm bridge"
1.702,1.8245999999999998,1.55,1.588333180333309,"colony 12800, 20 mm bridge"
1.602,1.7449999999999999,1.6,1.6904573034568993,"colony 12800, 20 mm bridge"
2.044,1.4706,1.45,1.395147034411155,"colony 12800, 20 mm bridge"
2.35,2.1954000000000002,2.15,2.040600485423532,"colony 12800, 20 mm bridge"
1.254,1.8376000000000001,1.6,1.6805897819593465,"colony 12800, 20 mm bridge"
1.992,1.8988,1.9,1.8713317507926437,"colony 12800, 20 mm bridge"
1.916,1.8155999999999999,1.55,1.6216754957985435,"colony 12800, 20 mm bridge"
2.06,2.0646,1.85,1.781938974240865,"colony 12800, 20 mm bridge"
3.102,2.4212,2.15,1.9349495528351013,"colony 12800, 20 mm bridge"
1.702,1.7934,1.15,1.3844631769086726,"colony 12800, 20 mm bridge"
2.41,1.9518,2.0,1.764462797684648,"colony 12800, 20 mm bridge"
1.23,1.6038000000000001,1.2,1.544308547268637,"colony 12800, 20 mm bridge"
1.746,2.0638,1.65,1.7326993806712918,"colony 12800, 20 mm bridge"
2.362,2.2942,2.15,1.9981206196155676,"colony 12800, 20 mm bridge"
2.056,2.1202,1.9,1.9784459279224036,"colony 12800, 20 mm bridge"
1.59,1.8032,1.85,1.7813183537435802,"colony 12800, 20 mm bridge"
1.738,1.6864000000000001,1.5,1.678637245103014,"colony 12800, 20 mm bridge"
2.078,2.041,2.25,2.05402344262026,"colony 12800, 20 mm bridge"
2.43,2.059,2.35,1.9718490256186316,"colony 12800, 20 mm bridge"
2.284,1.9402000000000001,1.8,1.857872710168619,"colony 12800, 20 mm bridge"
2.442,1.7132,1.75,1.6231151792338963,"colony 12800, 20 mm bridge"
2.096,1.9946000000000002,1.6,1.8361377388321563,"colony 12800, 20 mm bridge"
1.896,1.9564,1.7,1.7280607329830835,"colony 12800, 20 mm bridge"
2.334,1.8622,1.65,1.6086898956355968,"colony 12800, 20 mm bridge"
1.482,1.4586000000000001,1.15,1.2633213901923066,"colony 12800, 20 mm bridge"
2.064,1.8684,1.85,1.7319719127092517,"colony 12800, 20 mm bridge"
2.69,2.5356,2.15,2.192541303384762,"colony 12800, 20 mm bridge"
1.466,1.9579999999999997,1.5,1.7028989308353348,"colony 12800, 20 mm bridge"
1.6,1.7102,1.5,1.5503578366532904,"colony 12800, 20 mm bridge"
1.532,1.4362,1.3,1.40302007142835,"colony 12800, 20 mm bridge"
2.03,1.9931999999999999,2.1,1.884884967146412,"colony 12800, 20 mm bridge"
2.654,1.8336,2.05,1.7841724586807817,"colony 12800, 20 mm bridge"
1.216,1.4192,1.2,1.3424921355785246,"colony 12800, 20 mm bridge"
1.492,1.6016,1.65,1.5468427212798517,"colony 12800, 20 mm bridge"
1.016,1.29,1.1,1.277589034984375,"colony 12800, 20 mm bridge"
1.67,1.541,1.4,1.4311961236043984,"colony 12800, 20 mm bridge"
2.078,2.0294,1.85,1.7472269476172813,"colony 12800, 20 mm bridge"
1.98,1.6674,1.65,1.6412215356054471,"colony 12800, 20 mm bridge"
1.752,1.8707999999999998,1.75,1.7207536850698173,"colony 12800, 20 mm bridge"
1.7,1.6052,1.45,1.5449635250306295,"colony 12800, 20 mm bridge"
2.096,1.9452000000000003,1.95,1.8964442277293778,"colony 12800, 20 mm bridge"
2.12,1.985,2.05,1.9948351588776487,"colony 12800, 20 mm bridge"
1.152,1.3699999999999999,1.25,1.4320882825433032,"colony 12800, 20 mm bridge"
1.358,1.5362,1.55,1.5567527322632422,"colony 12800, 20 mm bridge"
2.338,2.0742000000000003,1.9,1.8288807345892222,"colony 12800, 20 mm bridge"
1.636,1.8798,1.75,1.7613076407456918,"colony 12800, 20 mm bridge"
1.958,2.2548,2.05,1.9109039017263658,"colony 12800, 20 mm bridge"
4.074,2.6508,2.4,2.2167612418652705,"colony 12800, 20 mm bridge"
2.22,2.0258,1.7,1.7152129203066944,"colony 12800, 20 mm bridge"
2.386,2.0748,1.85,1.728517887914878,"colony 12800, 20 mm bridge"
1.394,1.781,1.35,1.5413428990292295,"colony 12800, 20 mm bridge"
2.246,1.7344000000000002,1.7,1.5561761713893074,"colony 12800, 20 mm bridge"
2.172,1.3721999999999999,1.7,1.2893539179484605,"colony 12800, 20 mm bridge"
1.074,1.4706,1.1,1.3406027751401735,"colony 12800, 20 mm bridge"
1.562,1.4708,1.4,1.270229489828927,"colony 12800, 20 mm bridge"
1.14,1.7026,1.4,1.4683870149966325,"colony 12800, 20 mm bridge"
1.46,1.78,1.25,1.4393686288144707,"colony 12800, 20 mm bridge"
2.158,1.7937999999999998,1.9,1.6134364776745866,"colony 12800, 20 mm bridge"
1.302,1.44,1.35,1.4253473919014024,"colony 12800, 20 mm bridge"
1.218,1.5715999999999999,1.45,1.4605982145953162,"colony 12800, 20 mm bridge"
1.612,1.6234000000000002,1.4,1.429153182706544,"colony 12800, 20 mm bridge"
1.512,1.9876,1.85,1.8017463286975623,"colony 12800, 20 mm bridge"
1.002,1.0476,1.1,1.177768705906311,"colony 12800, 20 mm bridge"
1.586,1.4788000000000001,1.45,1.4283817016521272,"colony 12800, 20 mm bridge"
1.432,1.7832000000000001,1.5,1.5469763219312875,"colony 12800, 20 mm bridge"
1.024,1.3968,1.1,1.1716228327576916,"colony 12800, 20 mm bridge"
0.944,1.2868,1.1,1.117835248193949,"colony 12800, 20 mm bridge"
2.328,2.007,1.7,1.5671574523677743,"colony 12800, 20 mm bridge"
1.768,2.0098,1.75,1.7825842149556264,"colony 12800, 20 mm bridge"
1.444,1.59,1.3,1.4013022287807615,"colony 12800, 20 mm bridge"
1.054,1.3204,0.85,1.0038215922456935,"colony 12800, 20 mm bridge"
1.674,1.4786,1.3,1.1307370513115353,"colony 12800, 20 mm bridge"
1.638,1.7824000000000002,1.55,1.5964156973154058,"colony 12800, 20 mm bridge"
1.744,1.4586000000000001,1.3,1.250895328770752,"colony 12800, 20 mm bridge"
