n_agents,seed,height,k_line,q_line,k_lines,q_lines,k_domain,q_domain,u_mean,u_from_flux,stopped_frac,segregation_raw,segregation_null,segregation_excess,contacts_per_ant_per_s,contacts_per_transit,n_transits,mean_duration,median_duration,T0,delta_T,d_contact
10,0,10.0,0.9875259875259875,1.2916666666666667,0.9884169884169882,1.2678571428571428,1.0,1.2927181720733643,13.053709983825684,12.927181720733643,0.002494802494802495,0.5632653061224491,0.5289795918367346,0.034285714285714475,0.28274428274428276,0.5925925925925926,27,0.15000000000000002,0.15000000000000002,1.4234693877551017,0.1760204081632651,2.5
10,1,10.0,1.0166320166320166,1.2916666666666667,1.0100980100980101,1.2916666666666667,1.0,1.2848325967788696,12.980162620544434,12.848325967788696,0.0,0.5591836734693877,0.5069387755102042,0.05224489795918352,0.2577962577962578,1.0344827586206897,29,0.14112903225806453,0.15000000000000002,1.370055970149254,0.1889458955223879,2.5
10,2,10.0,1.0062370062370063,1.25,0.9958419958419957,1.2261904761904763,1.0,1.2424663305282593,12.535368919372559,12.424663305282593,0.0,0.6122448979591838,0.5371428571428571,0.07510204081632665,0.23700623700623702,0.7307692307692307,26,0.1535087719298246,0.15000000000000002,1.5189683860232943,0.12404326123128157,2.5
10,3,10.0,0.9064449064449065,1.125,0.9741609741609742,1.2023809523809523,1.0,1.2215728759765625,12.342281341552734,12.215728759765625,0.0,0.6000000000000001,0.5420408163265306,0.05795918367346953,0.2203742203742204,0.6538461538461539,26,0.16320754716981128,0.15000000000000002,1.5299031476997584,0.12191283292978188,2.5
10,4,10.0,0.9667359667359667,1.3333333333333333,0.984852984852985,1.3214285714285714,1.0,1.3345592021942139,13.456233024597168,13.345592021942139,0.0,0.6775510204081633,0.5453061224489797,0.1322448979591836,0.2079002079002079,0.3793103448275862,29,0.14500000000000002,0.15000000000000002,1.4351910828025474,0.07085987261146534,2.5
10,5,10.0,1.0561330561330562,1.3333333333333333,0.9845559845559847,1.25,1.0,1.2640316486358643,12.764452934265137,12.640316486358643,0.0004158004158004158,0.7020408163265306,0.5379591836734693,0.1640816326530613,0.20374220374220375,0.7777777777777778,27,0.14591836734693878,0.15000000000000002,1.4765873015873012,0.15391156462585037,2.5
20,0,10.0,1.9417879417879418,2.3333333333333335,2.0311850311850312,2.416666666666667,2.0,2.394320487976074,12.152450561523438,11.971602439880371,0.0006237006237006237,0.5061224489795919,0.416734693877551,0.08938775510204089,0.49480249480249483,1.5849056603773586,53,0.14033613445378154,0.15000000000000002,1.4406560636182904,0.14994319795512642,2.5
20,1,10.0,2.0997920997921,2.5,2.0822690822690824,2.482142857142857,2.0,2.4367685317993164,12.352837562561035,12.183842658996582,0.00010395010395010396,0.4653061224489796,0.4371428571428571,0.02816326530612251,0.38253638253638256,2.0,58,0.13885869565217393,0.15000000000000002,1.5293103448275864,0.1124999999999999,2.5
20,2,10.0,2.006237006237006,2.4166666666666665,2.028809028809029,2.345238095238095,2.0,2.330557107925415,11.820009231567383,11.652785539627075,0.00010395010395010396,0.4448979591836734,0.41714285714285715,0.02775510204081627,0.4490644490644491,1.5925925925925926,54,0.1527777777777778,0.15000000000000002,1.486484272608126,0.15964941022280477,2.5
20,3,10.0,2.058212058212058,2.4166666666666665,2.077220077220077,2.398809523809524,2.0,2.367720603942871,11.992830276489258,11.838603019714355,0.001975051975051975,0.5244897959183673,0.42653061224489797,0.09795918367346934,0.4074844074844075,1.6140350877192982,57,0.15535714285714286,0.15000000000000002,1.4728853084587668,0.18310366758532948,2.5
20,4,10.0,2.0311850311850312,2.5833333333333335,2.02999702999703,2.517857142857143,2.0,2.5029218196868896,12.675573348999023,12.514609098434448,0.0,0.5163265306122449,0.4204081632653061,0.09591836734693876,0.4968814968814969,1.4181818181818182,55,0.1364016736401674,0.15000000000000002,1.4235667293233072,0.10325422932330865,2.5
20,5,10.0,1.920997920997921,2.3333333333333335,1.9997029997029998,2.404761904761905,2.0,2.4232871532440186,12.282718658447266,12.116435766220093,0.0007276507276507277,0.546938775510204,0.4281632653061224,0.11877551020408156,0.43243243243243246,1.5769230769230769,52,0.13798076923076924,0.15000000000000002,1.5284041630529053,0.08564614050303576,2.5
30,0,10.0,3.0166320166320166,3.3333333333333335,3.0659340659340657,3.4345238095238098,3.0,3.406073570251465,11.56078052520752,11.353578567504883,0.0010395010395010396,0.38367346938775504,0.380952380952381,0.0027210884353740528,0.6431046431046431,2.2533333333333334,75,0.1363146551724138,0.15000000000000002,1.5552097428958054,0.08762881232434676,2.5
30,1,10.0,2.941787941787942,3.375,2.9815859815859818,3.404761904761905,3.0,3.4588065147399902,11.72790241241455,11.5293550491333,0.0003465003465003465,0.4285714285714285,0.3643537414965987,0.06421768707482978,0.6431046431046431,1.75,72,0.1394396551724138,0.15000000000000002,1.4536441586280815,0.11101286173633453,2.5
30,2,10.0,3.0145530145530146,3.3333333333333335,3.1081081081081083,3.3273809523809526,3.0,3.294571876525879,11.185321807861328,10.981906255086264,0.011434511434511435,0.4489795918367347,0.34367346938775517,0.10530612244897952,0.6029106029106029,2.5526315789473686,76,0.1581609195402299,0.15000000000000002,1.4740904117083844,0.2057687046915606,2.5
30,3,10.0,2.941787941787942,3.2916666666666665,2.984852984852985,3.2499999999999996,3.0,3.2772698402404785,11.134553909301758,10.924232800801596,0.0002772002772002772,0.4,0.3659863945578232,0.0340136054421768,0.7054747054747055,1.411764705882353,68,0.1418467583497053,0.15000000000000002,1.488240537575425,0.11822545255074053,2.5
30,4,10.0,2.9604989604989607,3.6666666666666665,2.9720819720819724,3.6488095238095233,3.0,3.655979871749878,12.392738342285156,12.186599572499594,0.0001386001386001386,0.4802721088435374,0.3570068027210884,0.12326530612244896,0.5419265419265419,1.941860465116279,86,0.12749360613810745,0.15000000000000002,1.4743483223008447,0.09314996576124158,2.5
30,5,10.0,3.230769230769231,3.4166666666666665,3.037422037422037,3.4345238095238093,3.0,3.4258339405059814,11.626418113708496,11.419446468353271,0.0009702009702009702,0.3863945578231292,0.363265306122449,0.023129251700680198,0.6126126126126126,2.4210526315789473,76,0.14264705882352943,0.15000000000000002,1.4331144141030063,0.16240926374006243,2.5
40,0,10.0,4.363825363825364,4.25,4.033561033561034,4.232142857142857,4.0,4.261166572570801,10.887712478637695,10.652916431427002,0.0012993762993762994,0.31734693877551023,0.30755102040816334,0.00979591836734689,0.8742203742203742,4.157303370786517,89,0.13917954815695602,0.15000000000000002,1.4955129381537893,0.11945769866030438,2.5
40,1,10.0,4.122661122661123,3.9583333333333335,3.869319869319869,4.059523809523809,4.0,4.151266574859619,10.593647956848145,10.378166437149048,0.001975051975051975,0.3479591836734694,0.3006122448979592,0.04734693877551022,0.8087318087318087,3.8555555555555556,90,0.15000000000000002,0.15000000000000002,1.449468170916638,0.15518116604467588,2.5
40,2,10.0,4.056133056133056,4.083333333333333,3.982476982476982,4.119047619047619,4.0,4.135604381561279,10.531722068786621,10.339010953903198,0.012318087318087319,0.36122448979591837,0.2969387755102041,0.06428571428571428,0.83991683991684,3.6818181818181817,88,0.15272277227722772,0.15000000000000002,1.508900440313111,0.13014432485322916,2.5
40,3,10.0,3.688149688149688,4.041666666666667,3.99019899019899,4.154761904761904,4.0,4.186605930328369,10.674762725830078,10.466514825820923,0.0019230769230769232,0.4051020408163266,0.3218367346938775,0.08326530612244909,0.7671517671517671,1.8160919540229885,87,0.15142276422764228,0.15000000000000002,1.5229120252132802,0.12504211269901663,2.5
40,4,10.0,4.594594594594595,4.708333333333333,4.043065043065043,4.5476190476190474,4.0,4.5024189949035645,11.485509872436523,11.256047487258911,0.0008835758835758836,0.3704081632653062,0.3232653061224489,0.047142857142857264,0.816008316008316,3.2450980392156863,102,0.13222929936305733,0.15000000000000002,1.4609009176012604,0.10766799518027621,2.5
40,5,10.0,4.353430353430354,4.291666666666667,4.149094149094149,4.113095238095238,4.0,4.077754020690918,10.4133882522583,10.194385051727295,0.002546777546777547,0.3081632653061225,0.2995918367346939,0.008571428571428563,0.9251559251559252,3.965909090909091,88,0.1449438202247191,0.15000000000000002,1.4860499282509165,0.1440619092089379,2.5
50,0,10.0,5.424116424116424,5.25,4.997920997920998,5.095238095238095,5.0,5.0496320724487305,10.33463191986084,10.099264144897461,0.003076923076923077,0.3697959183673469,0.28310204081632656,0.08669387755102032,0.9563409563409564,3.9734513274336285,113,0.14447826086956522,0.15000000000000002,1.4048652829702206,0.15456619827252804,2.5
50,1,10.0,4.376299376299376,5.166666666666667,4.9501039501039505,5.1190476190476195,5.0,5.168606758117676,10.575550079345703,10.337213516235352,0.006694386694386694,0.3991836734693878,0.2813061224489797,0.11787755102040814,0.8948024948024949,1.875,112,0.14321561338289962,0.15000000000000002,1.4911380360314648,0.12329780935464783,2.5
50,2,10.0,4.478170478170478,4.875,5.014553014553015,4.976190476190476,5.0,4.982921123504639,10.20285701751709,9.965842247009277,0.0014137214137214136,0.31836734693877555,0.28,0.038367346938775526,1.032848232848233,3.6605504587155964,109,0.13909017713365543,0.15000000000000002,1.480102181027806,0.12097459215029863,2.5
50,3,10.0,4.769230769230769,5.083333333333333,4.882981882981882,5.1309523809523805,5.0,5.187863826751709,10.596671104431152,10.375727653503418,0.0006237006237006237,0.3820408163265306,0.2847346938775511,0.09730612244897946,0.9014553014553015,2.9557522123893807,113,0.13920664206642067,0.15000000000000002,1.4840098487513196,0.12786493141048194,2.5
50,4,10.0,5.241164241164241,5.208333333333333,5.1354321354321355,5.06547619047619,5.0,5.043238639831543,10.327203750610352,10.086477279663086,0.0006652806652806653,0.3183673469387755,0.27983673469387754,0.038530612244897955,1.0195426195426196,4.0964912280701755,114,0.14225122349102776,0.15000000000000002,1.4735957319201871,0.12989311897451522,2.5
50,5,10.0,4.841995841995842,4.75,5.087318087318087,4.803571428571429,5.0,4.832121849060059,9.887309074401855,9.664243698120117,0.0005821205821205821,0.31183673469387757,0.2706938775510204,0.04114285714285715,1.0253638253638253,3.834862385321101,109,0.14858069748580696,0.15000000000000002,1.4930882834233357,0.14139563901161853,2.5
60,0,10.0,5.650727650727651,5.666666666666667,5.958419958419958,5.636904761904762,6.0,5.6379075050354,9.638392448425293,9.396512508392334,0.0016978516978516979,0.32040816326530613,0.24435374149659864,0.0760544217687075,1.1268191268191268,3.5811965811965814,117,0.1440036900369004,0.15000000000000002,1.4877435369052086,0.13731266391907085,2.5
60,1,10.0,5.446985446985447,5.583333333333333,6.092664092664093,5.613095238095238,6.0,5.598889350891113,9.58115005493164,9.33148225148519,0.0023215523215523214,0.2523809523809524,0.2555102040816326,-0.0031292517006802356,1.1725571725571726,4.495934959349594,123,0.1468971631205674,0.15000000000000002,1.4906191139538543,0.12848797284570723,2.5
60,2,10.0,5.767151767151767,5.583333333333333,5.998514998514998,5.595238095238096,6.0,5.654202461242676,9.664180755615234,9.423670768737793,0.0016978516978516979,0.2965986394557823,0.24870748299319728,0.047891156462585016,1.1586971586971586,4.80672268907563,119,0.1452153110047847,0.15000000000000002,1.460140658174098,0.12472598195329082,2.5
60,3,10.0,6.906444906444906,5.25,6.337689337689338,5.172619047619047,6.0,5.185762882232666,8.884109497070312,8.642938137054443,0.021968121968121968,0.24421768707482994,0.2416326530612245,0.002585034013605436,1.1884961884961884,6.9734513274336285,113,0.16594752186588924,0.15000000000000002,1.6070222601879312,0.13719097030299995,2.5
60,4,10.0,6.546777546777546,6.041666666666667,5.864270864270864,5.880952380952381,6.0,5.906307220458984,10.08042049407959,9.84384536743164,0.0016978516978516979,0.32721088435374146,0.2628571428571429,0.06435374149659856,1.1801801801801801,5.071428571428571,126,0.13367586611861423,0.15000000000000002,1.5304183993754292,0.10855599636728641,2.5
60,5,10.0,6.1933471933471935,5.583333333333333,5.983961983961984,5.619047619047619,6.0,5.605554580688477,9.586406707763672,9.342590967814127,0.003915453915453915,0.3156462585034014,0.25360544217687075,0.062040816326530634,1.0706860706860706,4.7272727272727275,121,0.1505177993527508,0.15000000000000002,1.45234514477589,0.16270321238132388,2.5
70,0,10.0,6.997920997920998,6.25,7.102762102762104,6.178571428571429,7.0,6.190000534057617,9.098873138427734,8.842857905796595,0.0019305019305019305,0.2536443148688047,0.23848396501457725,0.015160349854227428,1.2616572616572617,5.6,130,0.14479755178907724,0.15000000000000002,1.5273631840796023,0.12423459624952177,2.5
70,1,10.0,5.979209979209979,5.75,6.944163944163945,5.952380952380953,7.0,6.079901695251465,8.938273429870605,8.685573850359235,0.011167211167211167,0.25189504373177846,0.23790087463556847,0.013994169096209985,1.2776952776952777,3.9596774193548385,124,0.15578800557880057,0.15000000000000002,1.500400713920585,0.13167069546608462,2.5
70,2,10.0,6.972972972972973,6.208333333333333,6.971190971190971,6.279761904761904,7.0,6.267014026641846,9.212430953979492,8.952877180916923,0.000594000594000594,0.2577259475218659,0.23206997084548103,0.025655976676384862,1.3056133056133057,6.158620689655172,145,0.14096906278434942,0.15000000000000002,1.5236836883782172,0.12762134959144317,2.5
70,3,10.0,6.461538461538462,6.458333333333333,6.970002970002971,6.363095238095239,7.0,6.409146308898926,9.395151138305664,9.155923298427037,0.0016632016632016633,0.34635568513119536,0.2360349854227405,0.11032069970845484,1.236115236115236,4.263888888888889,144,0.140148966842864,0.15000000000000002,1.5136238608369732,0.10739114664409745,2.5
70,4,10.0,7.401247401247401,6.5,7.019305019305018,6.458333333333334,7.0,6.455960273742676,9.488253593444824,9.222800391060966,0.0006534006534006534,0.26822157434402333,0.23032069970845478,0.03790087463556854,1.3103653103653103,5.826388888888889,144,0.14118313689936537,0.15000000000000002,1.467111068751507,0.135203821334664,2.5
70,5,10.0,6.407484407484407,6.125,6.648054648054647,6.166666666666667,7.0,6.21610164642334,9.124717712402344,8.8801452091762,0.0031185031185031187,0.3043731778425656,0.2291545189504373,0.07521865889212831,1.2242352242352241,4.18796992481203,133,0.14774381368267833,0.15000000000000002,1.555120838512731,0.12059053586679848,2.5
80,0,10.0,7.054054054054054,6.708333333333333,7.979506979506979,6.815476190476191,8.0,6.843228816986084,8.807914733886719,8.554036021232605,0.0029106029106029108,0.2698979591836735,0.21540816326530615,0.054489795918367334,1.2978170478170479,4.403973509933775,151,0.1512815378454145,0.15000000000000002,1.5795780347147939,0.1125319048993474,2.5
80,1,10.0,7.486486486486487,6.916666666666667,8.007128007128008,6.845238095238095,8.0,6.8714776039123535,8.84710693359375,8.589347004890442,0.0016891891891891893,0.27908163265306124,0.22489795918367345,0.054183673469387794,1.3248440748440748,5.026666666666666,150,0.14807767752059633,0.15000000000000002,1.55615355360662,0.12006229039656098,2.5
80,2,10.0,9.074844074844075,7.0,8.155331155331154,6.803571428571428,8.0,6.747855186462402,8.680569648742676,8.434818983078003,0.0036122661122661125,0.2693877551020408,0.2256122448979592,0.04377551020408163,1.301975051975052,7.147651006711409,149,0.15103792415169662,0.15000000000000002,1.6670723596701245,0.12840959475037705,2.5
80,3,10.0,7.993762993762994,6.625,7.934659934659934,6.7559523809523805,8.0,6.767431259155273,8.722042083740234,8.459289073944092,0.002702702702702703,0.23928571428571427,0.21928571428571425,0.020000000000000018,1.3721413721413722,6.531468531468532,143,0.14736742424242427,0.15000000000000002,1.4746520056325463,0.131450495925638,2.5
80,4,10.0,7.854469854469855,6.75,8.45054945054945,6.791666666666667,8.0,6.725922107696533,8.67492389678955,8.407402634620667,0.004365904365904366,0.22806122448979593,0.22377551020408165,0.004285714285714282,1.3913721413721414,6.63013698630137,146,0.15330593948449758,0.15000000000000002,1.632689428673016,0.10607163575799511,2.5
80,5,10.0,8.656964656964657,7.083333333333333,8.308880308880308,6.8809523809523805,8.0,6.7890305519104,8.741781234741211,8.486288189888,0.0012733887733887735,0.2709183673469388,0.23020408163265307,0.04071428571428573,1.3752598752598753,7.38562091503268,153,0.1475434618291761,0.15000000000000002,1.680828281092757,0.11622413539186573,2.5
90,0,10.0,9.440748440748441,7.125,9.038313038313039,7.202380952380952,9.0,7.191705703735352,8.255118370056152,7.990784115261501,0.0012705012705012705,0.22721088435374148,0.2107936507936508,0.01641723356009067,1.496881496881497,7.759740259740259,154,0.14998456790123457,0.15000000000000002,1.6671528639689743,0.12034180665169698,2.5
90,1,10.0,9.444906444906445,7.375,8.972081972081972,7.261904761904764,9.0,7.306039333343506,8.396655082702637,8.117821481492784,0.0036498036498036498,0.22494331065759637,0.21941043083900225,0.0055328798185941275,1.4123354123354124,7.098039215686274,153,0.15175008177952243,0.15000000000000002,1.5030376391073823,0.14064018528229347,2.5
90,2,10.0,9.609147609147609,7.375,9.23076923076923,7.267857142857143,9.0,7.178380966186523,8.242197036743164,7.975978851318359,0.0017094017094017094,0.23492063492063492,0.20916099773242627,0.025759637188208645,1.4372834372834373,7.651612903225806,155,0.15038572806171652,0.15000000000000002,1.496789024881743,0.14224089472456145,2.5
90,3,10.0,9.45945945945946,7.416666666666667,9.095337095337095,7.30952380952381,9.0,7.278601169586182,8.358426094055176,8.087334632873535,0.002494802494802495,0.22857142857142856,0.21959183673469387,0.00897959183673469,1.403095403095403,7.830188679245283,159,0.1525683240039513,0.15000000000000002,1.515379422052293,0.13534511798689589,2.5
90,4,10.0,8.827442827442827,7.375,9.05940005940006,7.291666666666667,9.0,7.278522491455078,8.360882759094238,8.087247212727865,0.0013167013167013166,0.23854875283446714,0.21895691609977325,0.01959183673469389,1.5366135366135367,6.875816993464053,153,0.14559530968129886,0.15000000000000002,1.5073769898915623,0.12958300432185452,2.5
90,5,10.0,7.577962577962578,7.041666666666667,8.618948618948618,7.136904761904762,9.0,7.259576797485352,8.328516960144043,8.06619644165039,0.003072303072303072,0.23809523809523808,0.218140589569161,0.01995464852607709,1.3693693693693694,4.456375838926174,149,0.15462213225371121,0.15000000000000002,1.654704021843282,0.09450165774902283,2.5
100,0,10.0,9.440748440748441,7.583333333333333,9.927234927234926,7.589285714285715,10.0,7.627610683441162,7.906371593475342,7.627610683441162,0.012203742203742204,0.2036734693877551,0.19877551020408166,0.004897959183673445,1.5247401247401247,7.722222222222222,162,0.1578129260976275,0.15000000000000002,1.3979455111896673,0.15362336305937174,2.5
100,1,10.0,10.32016632016632,7.583333333333333,10.152658152658152,7.601190476190476,10.0,7.659022808074951,7.930624961853027,7.659022808074951,0.0037422037422037424,0.2122448979591837,0.2008163265306123,0.011428571428571399,1.466943866943867,8.018181818181818,165,0.15729875283446712,0.15000000000000002,1.5901359838771854,0.13108659309165857,2.5
100,2,10.0,10.802494802494802,7.833333333333333,10.027027027027028,7.702380952380952,10.0,7.70425271987915,7.9675397872924805,7.70425271987915,0.002474012474012474,0.21346938775510205,0.20285714285714287,0.010612244897959172,1.4295218295218295,7.901234567901234,162,0.15702443280977316,0.15000000000000002,1.6254620446593508,0.14185558497280082,2.5
100,3,10.0,9.667359667359667,7.583333333333333,9.92010692010692,7.642857142857143,10.0,7.670527458190918,7.936470985412598,7.670527458190918,0.001185031185031185,0.21877551020408162,0.1991836734693878,0.019591836734693807,1.540956340956341,7.892215568862276,167,0.15317053426875338,0.15000000000000002,1.5119012846365993,0.1284996096097783,2.5
100,4,10.0,9.44906444906445,7.5,9.75913275913276,7.601190476190476,10.0,7.662792205810547,7.936285018920898,7.662792205810547,0.004511434511434512,0.21551020408163266,0.20702040816326533,0.008489795918367321,1.5384615384615385,7.9375,160,0.15268918918918922,0.15000000000000002,1.485342153091846,0.12873642165772015,2.5
100,5,10.0,10.532224532224532,7.5,9.926937926937928,7.589285714285714,10.0,7.640912055969238,7.913778781890869,7.640912055969238,0.0018503118503118503,0.20244897959183672,0.19926530612244897,0.003183673469387749,1.531808731808732,8.700636942675159,157,0.15447882736156351,0.15000000000000002,1.2243679271567536,0.16930763941170546,2.5
110,0,10.0,12.455301455301456,8.333333333333334,11.354618354618356,8.160714285714286,11.0,8.076885223388672,7.612837791442871,7.342622930353338,0.007200907200907201,0.18812615955473097,0.19502782931354362,-0.006901669758812651,1.570969570969571,9.30813953488372,172,0.1596005774783446,0.15000000000000002,1.495210611701818,0.14423721098518894,2.5
110,1,10.0,11.44906444906445,8.041666666666666,10.97950697950698,8.023809523809524,11.0,8.09682559967041,7.629814624786377,7.360750545154918,0.005934605934605934,0.20482374768089054,0.19339517625231908,0.011428571428571455,1.5702135702135702,8.790123456790123,162,0.1562710640346654,0.15000000000000002,1.4447249827973243,0.14831780392333802,2.5
110,2,10.0,10.987525987525988,7.916666666666667,11.354024354024356,7.940476190476191,11.0,7.893243312835693,7.443429946899414,7.175675738941539,0.002608202608202608,0.19999999999999996,0.18827458256029683,0.011725417439703123,1.5834435834435834,9.25,176,0.15867748866077824,0.15000000000000002,1.6190265741869576,0.1293312794490758,2.5
110,3,10.0,11.432432432432432,8.0,11.349272349272349,7.988095238095239,11.0,7.953858852386475,7.507150650024414,7.230780774896795,0.008618408618408619,0.19628942486085346,0.19740259740259739,-0.001113172541743923,1.53997353997354,8.745664739884393,173,0.1609229258713795,0.15000000000000002,1.575676841732841,0.14028942920040863,2.5
110,4,10.0,11.143451143451143,8.333333333333334,11.242946242946244,8.226190476190476,11.0,8.126866340637207,7.6712646484375,7.3880603096701885,0.006766206766206766,0.1962894248608534,0.20022263450834882,-0.0039332096474954115,1.5694575694575694,8.111731843575418,179,0.15688824662813106,0.15000000000000002,1.5869346943316458,0.13852526839850907,2.5
110,5,10.0,9.426195426195425,7.916666666666667,10.541431541431539,8.125,11.0,8.20152759552002,7.7190070152282715,7.455934177745473,0.005613305613305614,0.24044526901669758,0.19198515769944338,0.048460111317254195,1.484029484029484,5.525714285714286,175,0.1596281202241467,0.15000000000000002,1.6208960067883156,0.12305398015723351,2.5
120,0,10.0,13.103950103950105,8.5,11.926046926046926,8.470238095238095,12.0,8.514015197753906,7.372585296630859,7.095012664794922,0.0045045045045045045,0.1877551020408163,0.1906122448979592,-0.0028571428571428914,1.6282051282051282,8.476470588235294,170,0.16002340923600766,0.15000000000000002,1.4419277541484445,0.15685099361191157,2.5
120,1,10.0,12.097713097713097,8.708333333333334,12.17849717849718,8.565476190476192,12.0,8.564043998718262,7.409204006195068,7.136703332265218,0.004972279972279972,0.18163265306122445,0.19081632653061226,-0.00918367346938781,1.5370755370755371,8.08695652173913,184,0.16167718665464384,0.15000000000000002,1.5193106887571344,0.15392932343325774,2.5
120,2,10.0,12.436590436590437,8.333333333333334,12.09058509058509,8.43452380952381,12.0,8.45152759552002,7.308917045593262,7.04293966293335,0.004643104643104643,0.1738095238095238,0.17727891156462583,-0.003469387755102027,1.5647955647955647,9.56043956043956,182,0.16243356953055804,0.15000000000000002,1.613249192921718,0.14088427982083182,2.5
120,3,10.0,13.66943866943867,8.541666666666666,12.512325512325514,8.50595238095238,12.0,8.41922378540039,7.294972896575928,7.016019821166992,0.0033264033264033266,0.18775510204081636,0.18421768707482994,0.0035374149659864185,1.6146916146916146,10.32768361581921,177,0.15832618025751075,0.15000000000000002,1.5454038754557633,0.1436069551664824,2.5
120,4,10.0,12.970893970893972,8.666666666666666,12.06237006237006,8.464285714285714,12.0,8.5333251953125,7.378515720367432,7.111104329427083,0.00867983367983368,0.23571428571428574,0.17489795918367348,0.06081632653061225,1.5686070686070686,8.96174863387978,183,0.16166335321404907,0.15000000000000002,1.6044397883696981,0.14185214556606426,2.5
120,5,10.0,11.95010395010395,8.25,11.992871992871995,8.470238095238095,12.0,8.479328155517578,7.34895133972168,7.066106796264648,0.004019404019404019,0.19931972789115646,0.18646258503401358,0.012857142857142873,1.6240471240471241,9.868571428571428,175,0.15908896949007895,0.15000000000000002,1.5329621397570108,0.1482811960292551,2.5
130,0,10.0,12.374220374220375,8.625,12.487080487080489,8.750000000000002,13.0,8.868614196777344,7.093414783477783,6.822010920597957,0.004349912042219735,0.19623233908948193,0.18116169544740973,0.015070643642072196,1.596353750199904,9.320855614973262,187,0.16516730114205572,0.15000000000000002,1.7698754264554966,0.11671445510775816,2.5
130,1,10.0,12.176715176715177,8.958333333333334,13.125037125037124,8.821428571428573,13.0,8.792990684509277,7.030167579650879,6.76383898808406,0.006828722213337598,0.22386185243328097,0.18160125588697015,0.042260596546310814,1.6046697585159124,8.81578947368421,190,0.16725134542555314,0.15000000000000002,1.6339589684731537,0.13429719163588094,2.5
130,2,10.0,14.434511434511435,8.5,13.108405108405108,8.577380952380953,13.0,8.591209411621094,6.878879070281982,6.608622624323918,0.010187110187110188,0.18492935635792782,0.1773940345368917,0.007535321821036112,1.5816408124100432,10.054054054054054,185,0.17001011122345805,0.15000000000000002,1.4216945838493147,0.18182069999348255,2.5
130,3,10.0,13.164241164241163,8.833333333333334,13.101871101871101,8.863095238095239,13.0,8.881497383117676,7.099673748016357,6.831921063936674,0.009867263713417559,0.1827315541601256,0.18141287284144428,0.0013186813186813195,1.6318567087797857,9.08994708994709,189,0.16091728733829871,0.15000000000000002,1.7123810332397098,0.11772990961449072,2.5
130,4,10.0,11.548856548856548,8.958333333333334,13.154737154737154,8.946428571428573,13.0,8.944374084472656,7.155503749847412,6.880287757286658,0.00869982408443947,0.2119309262166405,0.17808477237048667,0.03384615384615383,1.6270590116743964,8.859375,192,0.16131315116964814,0.15000000000000002,1.735216721206497,0.10981092858809685,2.5
130,5,10.0,13.23908523908524,8.875,13.216216216216216,8.791666666666666,13.0,8.758541107177734,7.008166790008545,6.737339313213642,0.00836398528706221,0.17111459968602827,0.17770800627943484,-0.00659340659340657,1.6104269950423797,9.826086956521738,184,0.16621648460774577,0.15000000000000002,1.6020615126795965,0.14359550977154548,2.5
140,0,10.0,15.068607068607069,9.125,13.990198990198989,9.25595238095238,14.0,9.304851531982422,6.921746253967285,6.646322522844587,0.005687555687555687,0.1760932944606414,0.17055393586005826,0.005539358600583133,1.6661716661716661,10.556701030927835,194,0.16367201426024955,0.15000000000000002,1.387305708832832,0.16248178344063982,2.5
140,1,10.0,13.382536382536383,9.125,14.402435402435403,9.119047619047619,14.0,9.082880020141602,6.7586140632629395,6.4877714429582864,0.004766854766854767,0.16793002915451893,0.17655976676384838,-0.008629737609329446,1.695871695871696,10.141304347826088,184,0.16577933450087567,0.15000000000000002,1.593124301876966,0.133957732290803,2.5
140,2,10.0,13.51975051975052,8.791666666666666,14.05078705078705,9.011904761904763,14.0,9.038839340209961,6.718310832977295,6.456313814435687,0.012904662904662904,0.1970845481049562,0.17492711370262393,0.022157434402332282,1.6296406296406296,11.120218579234972,183,0.1716602879533443,0.15000000000000002,1.1791543008048293,0.184478998993964,2.5
140,3,10.0,13.75051975051975,8.875,14.531333531333532,8.952380952380953,14.0,8.925763130187988,6.6404876708984375,6.375545092991421,0.014137214137214138,0.16034985422740525,0.1770262390670554,-0.016676384839650144,1.6278586278586278,9.826086956521738,184,0.1735632183908046,0.15000000000000002,1.6352852548832775,0.14798535016674644,2.5
140,4,10.0,13.047817047817048,9.166666666666666,14.365310365310366,9.119047619047619,14.0,9.096915245056152,6.769485950469971,6.497796603611538,0.009236709236709236,0.16064139941690964,0.1699125364431487,-0.009271137026239051,1.6940896940896941,9.72361809045226,199,0.16741760168302947,0.15000000000000002,1.870151026965746,0.11462012694254088,2.5
140,5,10.0,12.875259875259875,9.25,13.434511434511435,9.142857142857142,14.0,9.096540451049805,6.759394645690918,6.4975288936070035,0.016973566973566973,0.22448979591836732,0.17667638483965017,0.047813411078717144,1.6052866052866053,8.473958333333334,192,0.17440333024976876,0.15000000000000002,1.6695659990801515,0.13075803821549553,2.5
150,0,10.0,13.255717255717256,9.25,14.65993465993466,9.404761904761903,15.0,9.50126838684082,6.601335525512695,6.334178924560547,0.019431739431739432,0.20816326530612247,0.1715374149659864,0.036625850340136074,1.6487872487872488,9.025906735751295,193,0.17630295897780768,0.15000000000000002,1.6429077941670975,0.13003375185175073,2.5
150,1,10.0,14.20997920997921,9.291666666666666,14.840213840213838,9.36904761904762,15.0,9.403125762939453,6.534889221191406,6.268750508626302,0.008662508662508662,0.171156462585034,0.17202721088435374,-0.0008707482993197402,1.7216909216909217,10.908629441624365,197,0.1691273546932861,0.15000000000000002,1.532855318803047,0.14319567342754774,2.5
150,2,10.0,14.353430353430353,9.291666666666666,14.766854766854767,9.279761904761903,15.0,9.252408027648926,6.439546585083008,6.168272018432617,0.013347193347193347,0.1619047619047619,0.1682721088435374,-0.006367346938775498,1.6715176715176716,10.56701030927835,194,0.17402155887230514,0.15000000000000002,1.5512499999999998,0.15114999999999995,2.5
150,3,10.0,14.673596673596673,9.291666666666666,14.82239382239382,9.386904761904761,15.0,9.38625717163086,6.530707836151123,6.257504781087239,0.010810810810810811,0.17251700680272108,0.17137414965986397,0.0011428571428571122,1.6421344421344422,10.177083333333334,192,0.17397029034436193,0.15000000000000002,1.7440194946804741,0.13290596572228702,2.5
150,4,10.0,13.683991683991684,9.458333333333334,14.87941787941788,9.505952380952381,15.0,9.53747272491455,6.630425930023193,6.358315149943034,0.010076230076230076,0.1853061224489796,0.17208163265306126,0.013224489795918337,1.6936936936936937,9.8,195,0.16904255319148934,0.15000000000000002,1.5854896795987905,0.13659315147997697,2.5
150,5,10.0,14.879417879417879,9.375,15.251559251559252,9.273809523809522,15.0,9.229296684265137,6.421023845672607,6.152864456176758,0.016396396396396395,0.156734693877551,0.1675646258503401,-0.010829931972789086,1.6693000693000692,10.388297872340425,188,0.17588840916638995,0.15000000000000002,1.517908910930489,0.15180907565031634,2.5
160,0,10.0,18.124740124740125,9.75,15.8969408969409,9.779761904761903,16.0,9.757574081420898,6.366206645965576,6.0984838008880615,0.01340956340956341,0.16173469387755102,0.17061224489795918,-0.008877551020408159,1.7258316008316008,11.893401015228426,197,0.17160066255082068,0.15000000000000002,1.4935439560439545,0.16070074291905304,2.5
160,1,10.0,18.765072765072766,9.666666666666666,16.17998217998218,9.57738095238095,16.0,9.529383659362793,6.207973003387451,5.955864787101746,0.022193347193347195,0.16607142857142856,0.16964285714285715,-0.0035714285714285865,1.6772349272349272,11.860103626943005,193,0.18077161450263407,0.15000000000000002,1.554428327545054,0.1626017181231126,2.5
160,2,10.0,14.90852390852391,9.125,15.436293436293436,9.309523809523808,16.0,9.398614883422852,6.1295928955078125,5.874134302139282,0.025376819126819126,0.1566326530612245,0.1651530612244898,-0.008520408163265297,1.6863305613305613,10.403141361256544,191,0.18524425951610418,0.15000000000000002,1.6858517890844673,0.13606054770249953,2.5
160,3,10.0,15.166320166320165,9.5,15.705969705969705,9.541666666666666,16.0,9.61005973815918,6.275136470794678,6.006287336349487,0.017372661122661122,0.15892857142857145,0.16561224489795917,-0.006683673469387724,1.6787941787941787,11.035353535353535,198,0.1782120743034056,0.15000000000000002,1.5691463378891937,0.15185767739036146,2.5
160,4,10.0,17.303534303534303,9.958333333333334,16.203742203742202,9.767857142857142,16.0,9.81127643585205,6.4120259284973145,6.132047772407532,0.008277027027027027,0.14005102040816325,0.16224489795918368,-0.022193877551020424,1.7375259875259876,11.040609137055837,197,0.16871821717020644,0.15000000000000002,1.6705178734691926,0.14168182939152607,2.5
160,5,10.0,16.991683991683992,9.625,15.888921888921889,9.654761904761903,16.0,9.592168807983398,6.26279354095459,5.995105504989624,0.013591476091476092,0.16454081632653061,0.16607142857142856,-0.0015306122448979498,1.7232328482328483,11.849246231155778,199,0.17189714975116877,0.15000000000000002,1.4571771553106878,0.16559446399201586,2.5
170,0,10.0,15.180873180873181,9.708333333333334,17.120582120582124,9.761904761904763,17.0,9.815909385681152,6.0348100662231445,5.774064344518325,0.024348783172312583,0.14165666266506602,0.16192076830732294,-0.02026410564225692,1.751987281399046,11.03076923076923,195,0.18133463632556193,0.15000000000000002,1.6790269305138161,0.14055776315658117,2.5
170,1,10.0,17.646569646569645,9.75,17.738936738936737,9.910714285714286,17.0,9.877760887145996,6.06833553314209,5.810447580674115,0.020484285190167543,0.20144057623049216,0.15846338535414164,0.04297719087635052,1.6813012107129754,11.30373831775701,214,0.18045533895839397,0.15000000000000002,2.019581541120159,0.1337575651923461,2.5
170,2,10.0,15.667359667359667,9.625,16.724086724086725,9.732142857142858,17.0,9.776392936706543,6.015364170074463,5.75081937453326,0.019408095878684115,0.1481392557022809,0.16019207683073228,-0.01205282112845138,1.7434266846031552,11.351219512195122,205,0.1803521324354658,0.15000000000000002,1.5561913994675318,0.15181811908429582,2.5
170,3,10.0,14.846153846153847,9.583333333333334,17.87763587763588,9.755952380952381,17.0,9.735917091369629,5.9889140129089355,5.727010053746841,0.022098569157392688,0.14357743097238895,0.15683073229291716,-0.01325330132052821,1.7424483306836247,11.351485148514852,202,0.18115524985962944,0.15000000000000002,1.6045276519710017,0.14702809171472228,2.5
170,4,10.0,15.212058212058212,9.625,16.084942084942085,9.68452380952381,17.0,9.728728294372559,5.976719856262207,5.722781349630917,0.031454078512902044,0.14453781512605043,0.16249699879951982,-0.01795918367346938,1.7424483306836247,10.969543147208121,197,0.18784390791690062,0.15000000000000002,1.6009178363445236,0.13665857762153116,2.5
170,5,10.0,19.532224532224532,9.916666666666666,17.216216216216218,9.744047619047619,17.0,9.721373558044434,5.979446887969971,5.718455034143784,0.025290448819860586,0.14789915966386552,0.15951980792316925,-0.011620648259303729,1.6634462516815458,11.46808510638298,188,0.187273930304367,0.15000000000000002,1.6065779111028498,0.16872140663852675,2.5
180,0,10.0,24.571725571725572,10.125,18.905256905256902,9.916666666666668,18.0,9.905862808227539,5.763211250305176,5.503257115681966,0.0294987294987295,0.15374149659863948,0.15623582766439909,-0.0024943310657596085,1.7486717486717487,16.86294416243655,197,0.1907661822985469,0.15000000000000002,0.7138050178735464,0.23370873313633694,2.5
180,1,10.0,18.02079002079002,9.916666666666666,17.265221265221264,10.017857142857142,18.0,9.986656188964844,5.808379650115967,5.548142327202691,0.027916377916377917,0.15011337868480723,0.15873015873015872,-0.008616780045351491,1.7472857472857473,12.32843137254902,204,0.18585404547858278,0.15000000000000002,1.6035765257521548,0.158099558149726,2.5
180,2,10.0,15.646569646569647,9.791666666666666,17.171963171963174,9.761904761904761,18.0,9.757331848144531,5.675173282623291,5.420739915635851,0.03644028644028644,0.1383219954648526,0.15360544217687078,-0.015283446712018173,1.7036267036267037,10.97549019607843,204,0.19440677966101694,0.2,1.636332812127109,0.1457293909450962,2.5
180,3,10.0,17.602910602910605,9.916666666666666,17.49302049302049,9.88095238095238,18.0,9.925122261047363,5.773688316345215,5.51395681169298,0.025583275583275583,0.14603174603174604,0.15442176870748298,-0.008390022675736936,1.7385077385077385,11.762376237623762,202,0.18599521658251397,0.15000000000000002,1.6057783585861696,0.14656261429528364,2.5
180,4,10.0,19.18918918918919,10.333333333333334,18.4027324027324,10.345238095238097,18.0,10.323655128479004,6.002840518951416,5.735363960266113,0.013097713097713098,0.16303854875283447,0.1507482993197279,0.012290249433106554,1.7530607530607532,12.423645320197044,203,0.17860719462379762,0.15000000000000002,1.8041572022735297,0.1393164504117659,2.5
180,5,10.0,18.802494802494802,10.125,18.605880605880607,10.142857142857142,18.0,10.130782127380371,5.8886542320251465,5.628212292989095,0.015003465003465003,0.15056689342403629,0.15727891156462584,-0.006712018140589554,1.734811734811735,12.317073170731707,205,0.1798468708388815,0.15000000000000002,1.7705215345554493,0.14459132095688426,2.5
190,0,10.0,21.7027027027027,10.5,18.551826551826547,10.285714285714286,19.0,10.259925842285156,5.655068397521973,5.399960969623766,0.030856767698872963,0.15166487647690655,0.15256713211600428,-0.0009022556390977376,1.749863223547434,13.338028169014084,213,0.19039519759879941,0.15000000000000002,1.4237718879817836,0.18056550083065115,2.5
190,1,10.0,19.929313929313928,10.5,19.03831303831304,10.309523809523808,19.0,10.272064208984375,5.6711320877075195,5.406349583675987,0.023996060838166102,0.14371643394199785,0.15484425349087005,-0.011127819548872209,1.760367655104497,12.800995024875622,201,0.18578443560417704,0.15000000000000002,1.7152395801028382,0.14430114434486205,2.5
190,2,10.0,17.340956340956343,10.083333333333334,19.605583605583604,10.095238095238093,19.0,10.060317039489746,5.548628330230713,5.294903704994603,0.032169821643505854,0.15789473684210528,0.15527389903329752,0.0026208378088077577,1.7485501696028012,12.161904761904761,210,0.19082603254067584,0.2,1.8618955388969696,0.14305087581504952,2.5
190,3,10.0,19.145530145530145,10.166666666666666,18.913275913275914,10.208333333333332,19.0,10.256356239318848,5.65602445602417,5.398082231220446,0.019367545683335156,0.1447905477980666,0.15278195488721805,-0.007991407089151442,1.7662763978553453,12.823529411764707,204,0.1838495849337133,0.15000000000000002,1.6844152981640261,0.14727801191687268,2.5
190,4,10.0,17.725571725571726,10.208333333333334,20.002673002673003,10.238095238095239,19.0,10.128911972045898,5.580111503601074,5.331006301076789,0.03647007331217857,0.13447905477980665,0.1501611170784103,-0.01568206229860364,1.7800634642739905,13.37962962962963,216,0.1931952298991886,0.2,1.7696086626315757,0.14588738023238063,2.5
190,5,10.0,17.723492723492722,9.916666666666666,19.360855360855364,10.035714285714283,19.0,10.073322296142578,5.554663181304932,5.301748576917146,0.028405733668891563,0.1389903329752954,0.15252416756176157,-0.013533834586466176,1.7446110077689025,11.985436893203884,206,0.19259282488710489,0.2,1.673653946219585,0.14762142044502458,2.5
200,0,10.0,17.594594594594593,10.208333333333334,20.056133056133056,10.291666666666668,20.0,10.277800559997559,5.389943599700928,5.138900279998779,0.03677754677754678,0.11387755102040814,0.15151020408163265,-0.037632653061224514,1.8024948024948024,12.410377358490566,212,0.19554209919261825,0.2,1.6780053626081006,0.14054080696582372,2.5
200,1,10.0,19.37837837837838,10.208333333333334,20.64270864270864,10.208333333333332,20.0,10.144003868103027,5.320673942565918,5.072001934051514,0.04752598752598752,0.13244897959183674,0.14338775510204083,-0.010938775510204085,1.7521829521829522,13.417061611374407,211,0.20528595158993831,0.2,1.1491237413900028,0.19905859786884833,2.5
200,2,10.0,15.401247401247401,10.125,19.022869022869024,10.25595238095238,20.0,10.304515838623047,5.4057745933532715,5.152257919311523,0.027972972972972972,0.13612244897959183,0.15118367346938777,-0.015061224489795938,1.7328482328482329,10.560386473429952,207,0.19364727054589084,0.2,1.640676305639036,0.14820677252182965,2.5
200,3,10.0,25.972972972972972,10.25,20.491535491535494,10.19047619047619,20.0,10.199112892150879,5.349251747131348,5.0995564460754395,0.04420997920997921,0.12816326530612246,0.14951020408163262,-0.021346938775510166,1.7638253638253638,16.49230769230769,195,0.20043022159358795,0.2,1.104534552438824,0.20194830916493456,2.5
200,4,10.0,20.095634095634097,10.625,20.533115533115534,10.541666666666668,20.0,10.457763671875,5.482180118560791,5.2288818359375,0.03588357588357589,0.13673469387755102,0.14530612244897956,-0.008571428571428535,1.7827442827442828,13.305555555555555,216,0.19153352769679302,0.2,1.6028670638941807,0.16121458392444568,2.5
200,5,10.0,25.085239085239085,10.416666666666666,20.486783486783487,10.297619047619047,20.0,10.322074890136719,5.412121772766113,5.161037445068359,0.030187110187110188,0.14081632653061224,0.1510612244897959,-0.010244897959183652,1.7538461538461538,15.612903225806452,217,0.19340919867235656,0.2,1.3293015749962445,0.19322360042084277,2.5
205,0,10.0,18.031185031185032,10.333333333333334,21.451737451737454,10.309523809523808,20.5,10.241704940795898,5.236154556274414,4.995953629656536,0.0512144414583439,0.1311100049776008,0.14954703832752614,-0.01843703334992533,1.7587343441001977,12.78048780487805,205,0.20663129973474803,0.2,1.8976005593644998,0.1498633150115564,2.5
205,1,10.0,20.573804573804573,10.25,20.370062370062374,10.31547619047619,20.5,10.325799942016602,5.2882561683654785,5.036975581471513,0.040403630647533086,0.13031358885017422,0.14381284221005475,-0.013499253359880531,1.773743724963237,12.823529411764707,204,0.1982504288164666,0.2,1.611409820510794,0.15836100788065677,2.5
205,2,10.0,17.52182952182952,9.708333333333334,20.05049005049005,9.898809523809524,20.5,9.958516120910645,5.097461700439453,4.857812741907631,0.05694437401754475,0.11896465903434544,0.14564459930313592,-0.026679940268790475,1.7611682977536636,12.145,200,0.21217897040193484,0.2,1.9881090619756265,0.13113552392131528,2.5
205,3,10.0,24.862785862785863,10.208333333333334,22.27918027918028,10.178571428571429,20.5,10.179072380065918,5.202542781829834,4.965401161007765,0.04373003397393641,0.12832254853160777,0.14206072672971629,-0.01373817819810852,1.7844936869327113,16.101522842639593,197,0.20400090929756765,0.2,1.1461285649166335,0.2094459876139417,2.5
205,4,10.0,18.388773388773387,10.5,19.83011583011583,10.488095238095239,20.5,10.508752822875977,5.379908561706543,5.126220889207794,0.035545864814157495,0.14206072672971629,0.15440517670482826,-0.01234444997511197,1.7810455859236347,13.196172248803828,209,0.1957180275595035,0.2,1.5350326550653621,0.1567723622521172,2.5
205,5,10.0,21.89189189189189,10.083333333333334,20.69111969111969,10.107142857142858,20.5,10.154869079589844,5.196827411651611,4.953594672970656,0.03556614776126971,0.13051269288203088,0.14707814833250374,-0.01656545545047286,1.7585315146290756,13.984924623115578,199,0.20027681660899654,0.2,1.822659499212661,0.149817017483536,2.5
215,0,10.0,18.93762993762994,10.166666666666666,22.381051381051382,10.25595238095238,21.5,10.304370880126953,5.032836437225342,4.792730641919513,0.04087414785089204,0.11684859990507829,0.1448315140009492,-0.02798291409587092,1.75293719479766,13.65989847715736,197,0.21069064430714918,0.2,1.5310717993079577,0.17381228373702426,2.5
215,1,10.0,25.694386694386694,10.041666666666666,21.176418176418174,10.065476190476192,21.5,10.04661750793457,4.904041290283203,4.672845352527707,0.06339505874389595,0.11324157570004748,0.14437588989084005,-0.031134314190792572,1.7773050331189866,16.487309644670052,197,0.21881936887921657,0.2,1.3118564857071373,0.20148222669818183,2.5
215,2,10.0,18.738045738045738,10.125,23.14345114345114,10.214285714285714,21.5,10.228443145751953,4.994482040405273,4.757415416628816,0.05746748537446212,0.13678215472235405,0.14323682961556716,-0.006454674893213108,1.7916163032442103,16.287958115183248,191,0.2114637305699482,0.2,2.0702408440722007,0.1460893599428511,2.5
215,3,10.0,30.024948024948024,10.5,21.945351945351945,10.517857142857142,21.5,10.49012565612793,5.124636173248291,4.8791282121525255,0.03743170719914906,0.1297579496915045,0.14448979591836736,-0.014731846226862855,1.7867814146883914,18.63235294117647,204,0.19957246455244076,0.2,1.5326527533178609,0.19273581644913365,2.5
215,4,10.0,20.873180873180875,10.416666666666666,21.257499257499255,10.321428571428571,21.5,10.358428955078125,5.0570807456970215,4.817873932594477,0.05335783010201615,0.11210251542477455,0.147375415282392,-0.03527289985761746,1.7939370497510032,12.731958762886597,194,0.20939521345407505,0.2,1.6364650741757625,0.1551318929594747,2.5
215,5,10.0,23.704781704781706,9.833333333333334,22.13869913869914,10.017857142857142,21.5,10.063701629638672,4.91299295425415,4.680791455645894,0.05606536769327467,0.11665875652586616,0.1450972947318462,-0.028438538205980052,1.7558381279311512,16.898936170212767,188,0.21630686198920587,0.2,1.2763143402962938,0.20379380044831497,2.5
225,0,10.0,17.28898128898129,10.125,21.588654588654588,10.214285714285714,22.5,10.256172180175781,4.786663055419922,4.558298746744792,0.06462462462462462,0.12653061224489795,0.13737868480725626,-0.010848072562358313,1.7628089628089627,11.78894472361809,199,0.22477198867805853,0.2,1.6096556604999697,0.15225001004284167,2.5
225,1,10.0,44.4968814968815,10.5,24.801900801900803,10.148809523809524,22.5,10.145242691040039,4.734811782836914,4.508996751573351,0.0672025872025872,0.11800453514739229,0.14216780045351474,-0.02416326530612245,1.784060984060984,27.65730337078652,178,0.2283095090118086,0.2,2.145038823330344,0.1905104792702009,2.5
225,2,10.0,32.96257796257796,10.166666666666666,23.774279774279773,10.101190476190478,22.5,10.112247467041016,4.723878383636475,4.494332207573785,0.06707322707322708,0.1147392290249433,0.1403174603174603,-0.025578231292517017,1.796072996072996,21.25945945945946,185,0.2205525259800391,0.2,0.5573671656443308,0.24177144021250938,2.5
225,3,10.0,27.343035343035343,10.208333333333334,23.914166914166913,10.160714285714286,22.5,10.054378509521484,4.695549011230469,4.4686126708984375,0.07251559251559252,0.1254421768707483,0.14017233560090703,-0.014730158730158732,1.7594825594825594,18.208333333333332,192,0.22822182543850436,0.2,1.059246258150563,0.21698361511301267,2.5
225,4,10.0,27.929313929313928,10.625,21.75972675972676,10.56547619047619,22.5,10.552233695983887,4.931016445159912,4.689881642659505,0.04581196581196581,0.11927437641723355,0.14118820861678005,-0.0219138321995465,1.8156618156618156,17.971291866028707,209,0.20830025445292621,0.2,1.602164302911364,0.18535613969422932,2.5
225,5,10.0,20.051975051975052,9.833333333333334,22.53103653103653,10.136904761904763,22.5,10.061378479003906,4.696242332458496,4.47172376844618,0.07235851235851236,0.1258049886621315,0.14006349206349208,-0.01425850340136059,1.8006930006930006,12.870813397129186,209,0.22636494252873562,0.2,1.5813722804304629,0.1648115960557744,2.5
235,0,10.0,20.33679833679834,10.666666666666666,23.080784080784078,10.476190476190476,23.5,10.437538146972656,4.671298503875732,4.44150559445645,0.056655018357146016,0.11541467650890141,0.1374033868866696,-0.021988710377768172,1.7881187242889371,14.31132075471698,212,0.21833564219275678,0.2,1.372326835749272,0.1911393245949753,2.5
235,1,10.0,22.35758835758836,10.583333333333334,22.18176418176418,10.529761904761907,23.5,10.530468940734863,4.705399513244629,4.481050613078665,0.06568761887910825,0.1161094224924012,0.13677811550151978,-0.02066869300911857,1.8258061662316982,14.014492753623188,207,0.21833995542203705,0.2,1.8929502867828856,0.14259196505892535,2.5
235,2,10.0,35.648648648648646,10.333333333333334,25.331452331452333,10.160714285714286,23.5,10.157626152038574,4.546050071716309,4.3223941072504575,0.0748706152961472,0.1046461137646548,0.13643074250976986,-0.03178462874511506,1.79749635068784,21.516483516483518,182,0.22814253371394824,0.2,1.0536001607456125,0.21640571265176173,2.5
235,3,10.0,24.56756756756757,10.375,22.15741015741016,10.416666666666668,23.5,10.380257606506348,4.642849922180176,4.41713089638568,0.06341398681824213,0.1225358228397742,0.13358228397742075,-0.011046461137646554,1.808466404211085,15.790476190476191,210,0.22146071812934157,0.2,1.928048071456874,0.15831118968457683,2.5
235,4,10.0,27.363825363825363,10.583333333333334,24.883872883872886,10.660714285714286,23.5,10.573787689208984,4.73564338684082,4.499484123067653,0.057451231919317024,0.11645679548415111,0.13486756404689534,-0.018410768562744234,1.8054584863095502,17.08252427184466,206,0.2146168169345355,0.2,1.2466343606756412,0.2037349592784366,2.5
235,5,10.0,17.155925155925157,10.208333333333334,22.47133947133947,10.083333333333332,23.5,10.139544486999512,4.5356221199035645,4.31469978170192,0.07201309328968904,0.12166739036039947,0.13782023447676944,-0.01615284411636997,1.786526297164595,12.16826923076923,208,0.22930078241061702,0.2,1.8155443489149974,0.1346767188564521,2.5
245,0,10.0,20.424116424116423,10.333333333333334,27.14345114345114,10.285714285714286,24.5,10.18350887298584,4.377291202545166,4.1565342338717715,0.08142050999193856,0.10670553935860058,0.13319450229071222,-0.026488962932111643,1.802367516653231,15.317948717948719,195,0.23334274952919024,0.2,1.8784774772803707,0.15872008434225907,2.5
245,1,10.0,33.232848232848234,10.375,26.137214137214134,10.410714285714286,24.5,10.42324447631836,4.469167232513428,4.254385500538106,0.07393610250753108,0.12886297376093295,0.1342274052478134,-0.0053644314868804555,1.7889600746743604,21.894736842105264,171,0.23122094677924301,0.2,2.3924023850740537,0.15860021157914958,2.5
245,2,10.0,21.496881496881496,10.208333333333334,26.177606177606176,10.136904761904763,24.5,10.160987854003906,4.362908363342285,4.147341981226084,0.08289702575416862,0.11037067888379842,0.1345272802998751,-0.024156601416076673,1.8025372311086596,13.509803921568627,204,0.2351661802090199,0.2,1.5756045251870145,0.17502782179312373,2.5
245,3,10.0,18.91891891891892,10.25,22.372735372735374,10.208333333333332,24.5,10.245416641235352,4.398586273193359,4.181802710708307,0.10338156052441767,0.11570179092044981,0.13326114119117036,-0.017559350270720545,1.894013322584751,12.453658536585365,205,0.2422849462365592,0.2,1.8132579682860674,0.1415323605567395,2.5
245,4,10.0,20.30977130977131,10.458333333333334,27.932877932877933,10.404761904761907,24.5,10.309701919555664,4.426906585693359,4.208041599818638,0.10261784547498833,0.1085381091211995,0.13269471053727613,-0.02415660141607663,1.9011413297127582,13.64039408866995,203,0.24226923763613645,0.2,1.6680444364900795,0.162671354060135,2.5
245,5,10.0,17.343035343035343,10.125,21.94178794178794,10.196428571428571,24.5,10.1693754196167,4.364438533782959,4.150765477394571,0.09110271967414825,0.12286547271970014,0.1342274052478134,-0.011361932528113267,1.8159446730875302,12.464788732394366,213,0.240892523364486,0.2,1.4674954885661033,0.16718397775345376,2.5
250,0,10.0,23.80873180873181,10.416666666666666,27.5987525987526,10.309523809523808,25.0,10.357237815856934,4.355863094329834,4.142895126342774,0.08562993762993763,0.1046530612244898,0.1291755102040816,-0.024522448979591813,1.8589604989604989,19.207253886010363,193,0.23761295517580747,0.2,2.4671278867799398,0.13320591255772085,2.5
250,1,10.0,18.933471933471935,9.916666666666666,22.3985743985744,9.940476190476192,25.0,10.009674072265625,4.213198184967041,4.00386962890625,0.09762162162162162,0.10302040816326531,0.13286530612244898,-0.029844897959183672,1.8215384615384616,11.760416666666666,192,0.24848429510591674,0.2,1.5479298556144767,0.17006088030204614,2.5
250,2,10.0,17.544698544698544,10.208333333333334,25.72675972675973,10.267857142857144,25.0,10.238173484802246,4.312319278717041,4.095269393920899,0.07847817047817048,0.09665306122448981,0.13808979591836734,-0.04143673469387753,1.7947609147609147,14.091346153846153,208,0.23416272819942544,0.2,1.9651659034525755,0.13737478406068382,2.5
250,3,10.0,19.623700623700625,10.041666666666666,23.36055836055836,10.071428571428571,25.0,10.094724655151367,4.246769428253174,4.037889862060547,0.10703534303534304,0.10514285714285715,0.13338775510204084,-0.028244897959183696,1.84997920997921,13.271356783919598,199,0.2506562977613953,0.2,1.2182169034357975,0.19351565172899507,2.5
250,4,10.0,22.602910602910605,10.125,22.905850905850905,10.339285714285714,25.0,10.346052169799805,4.355227947235107,4.138420867919922,0.09036174636174636,0.10448979591836734,0.13384489795918367,-0.02935510204081633,1.8316839916839918,14.858585858585858,198,0.23810950694633617,0.2,1.6150114248571392,0.16615490750451614,2.5
250,5,10.0,14.987525987525988,9.958333333333334,27.451440451440455,10.04761904761905,25.0,10.082388877868652,4.244041442871094,4.032955551147461,0.11048648648648648,0.11640816326530612,0.13139591836734696,-0.01498775510204084,1.8561330561330562,10.770731707317074,205,0.24851702508960571,0.2,1.874160617957521,0.13111280494506705,2.5
260,0,10.0,23.39293139293139,10.25,27.918621918621916,10.35714285714286,26.0,10.359618186950684,4.195765495300293,3.9844685334425707,0.0991843914920838,0.10361067503924647,0.13202511773940342,-0.02841444270015696,1.842475611706381,17.797029702970296,202,0.2457772762781009,0.2,1.1779756646148418,0.19962417684222586,2.5
260,1,10.0,60.5945945945946,10.166666666666666,29.992277992277998,10.011904761904761,26.0,9.972443580627441,4.034846305847168,3.835555223318247,0.13596673596673597,0.12025117739403454,0.13086342229199374,-0.0106122448979592,1.8709419478650249,42.24,150,0.2622531840328233,0.2,2.436618760954522,0.1767451366566954,2.5
260,2,10.0,25.511434511434512,10.041666666666666,27.3982773982774,10.089285714285714,26.0,10.07280158996582,4.086402416229248,3.8741544576791616,0.10380617303694227,0.09262166405023547,0.1300470957613815,-0.03742543171114601,1.79305933152087,16.412935323383085,201,0.24949161612557974,0.2,0.972897550749058,0.22146031897527726,2.5
260,3,10.0,40.66943866943867,10.125,29.35046035046035,10.17261904761905,26.0,10.182332038879395,4.126455307006836,3.9162815534151516,0.11832720294258756,0.10863422291993721,0.12759811616954475,-0.01896389324960754,1.8735007196545659,29.791411042944784,163,0.2562099871959027,0.2,0.7559913659217994,0.2209685764733827,2.5
260,4,10.0,17.193347193347194,10.375,26.252747252747252,10.25,26.0,10.26496696472168,4.158551216125488,3.948064217200646,0.09417079801695186,0.10612244897959182,0.1345682888540031,-0.02844583987441128,1.8156085079162003,12.295566502463053,203,0.24719897824363607,0.2,1.7556175706092971,0.1566745325185547,2.5
260,5,10.0,18.002079002079004,9.708333333333334,28.717255717255714,9.86904761904762,26.0,9.891304016113281,4.008412837982178,3.8043476985051083,0.11603230449384296,0.10015698587127161,0.13080062794348507,-0.030643642072213456,1.818007356468895,12.240641711229946,187,0.25967628430682616,0.2,1.8979176272318241,0.15165548436332407,2.5
270,0,10.0,19.255717255717254,10.25,25.744876744876745,10.238095238095239,27.0,10.247636795043945,3.9987635612487793,3.795421035201461,0.1222068222068222,0.09145880574452002,0.12665154950869237,-0.03519274376417235,1.9045199045199046,13.046082949308756,217,0.2553569984636533,0.2,1.6377420108234007,0.15392440256139947,2.5
270,1,10.0,46.96673596673597,10.208333333333334,30.719631719631717,10.00595238095238,27.0,9.828707695007324,3.8368778228759766,3.640262109261972,0.13823053823053824,0.08994708994708994,0.12640967498110353,-0.03646258503401359,1.8751058751058751,35.074074074074076,162,0.2674728975032852,0.2,1.4142444934416296,0.20643125520282568,2.5
270,2,10.0,27.474012474012476,10.041666666666666,25.860706860706863,10.06547619047619,27.0,10.08609390258789,3.939513683319092,3.7355903342918113,0.11131901131901131,0.08737717309145882,0.12907029478458049,-0.04169312169312167,1.8404558404558404,16.81122448979592,196,0.25539703790477786,0.2,0.5415692809630303,0.24543320817336753,2.5
270,3,10.0,19.20997920997921,10.166666666666666,28.10899910899911,10.148809523809522,27.0,10.20644474029541,3.9806995391845703,3.7801647186279297,0.11381381381381381,0.12139077853363568,0.13173091458805744,-0.010340136054421759,1.8461538461538463,13.892307692307693,195,0.26035201868535207,0.2,1.8791719044466975,0.15452620104573414,2.5
270,4,10.0,17.172557172557173,10.083333333333334,27.078111078111082,10.190476190476192,27.0,10.266627311706543,4.008944988250732,3.8024545598913124,0.1314006314006314,0.1020408163265306,0.13100529100529099,-0.028964474678760385,1.9484099484099484,12.700934579439252,214,0.2557658868163136,0.2,1.7142324782643192,0.13955270406601758,2.5
270,5,10.0,38.57172557172557,10.25,30.717849717849724,10.136904761904763,27.0,10.034727096557617,3.9191479682922363,3.716565591317636,0.11218911218911219,0.09705215419501134,0.1268934240362812,-0.029841269841269863,1.8273658273658273,28.18888888888889,180,0.25782066408225185,0.2,2.0210349788986757,0.18724156558893146,2.5
280,0,10.0,26.301455301455302,10.0,32.385209385209386,10.035714285714286,28.0,10.040319442749023,3.782790184020996,3.5858283724103654,0.14273834273834274,0.10539358600583089,0.1239941690962099,-0.018600583090379014,1.9039204039204038,20.193181818181817,176,0.2708564074565167,0.2,1.188433370562074,0.21509165075438255,2.5
280,1,10.0,50.313929313929314,10.125,31.2990792990793,10.196428571428571,28.0,10.150413513183594,3.822861671447754,3.625147683279855,0.12220819720819721,0.0988338192419825,0.12463556851311954,-0.02580174927113703,1.8663498663498663,35.77483443708609,151,0.26134229789942715,0.2,2.147824463876324,0.19002749092089502,2.5
280,2,10.0,21.449064449064448,10.25,24.803385803385805,10.232142857142858,28.0,10.224016189575195,3.8506834506988525,3.6514343534197127,0.14423076923076922,0.11239067055393584,0.12734693877551018,-0.014956268221574337,1.9578259578259578,14.529411764705882,204,0.2649385618932039,0.2,1.6589461707649333,0.16773784789607066,2.5
280,3,10.0,54.147609147609145,10.583333333333334,30.332343332343328,10.238095238095237,28.0,10.094549179077148,3.8027923107147217,3.6051961353846957,0.1442901692901693,0.10145772594752187,0.12588921282798834,-0.02443148688046648,1.9333234333234333,35.30357142857143,168,0.26571165220062987,0.2,2.580085024815428,0.16216417397251856,2.5
280,4,10.0,25.615384615384617,10.166666666666666,28.166617166617165,10.32738095238095,28.0,10.285401344299316,3.875598192214966,3.6733576229640414,0.11831749331749332,0.09475218658892127,0.126734693877551,-0.03198250728862974,1.9021384021384022,17.422885572139304,201,0.25850573815286126,0.2,1.582950163542537,0.18283181528496564,2.5
280,5,10.0,57.21829521829522,9.958333333333334,30.596376596376597,9.982142857142858,28.0,10.027746200561523,3.7765724658966064,3.5813379287719727,0.12756162756162756,0.09650145772594752,0.1279591836734694,-0.03145772594752187,1.8615978615978617,40.767605633802816,142,0.26574266113592854,0.2,3.259857431699646,0.16026951886312837,2.5
